"","sampleNames","coi","site","year","regions"
"1","KAP-06-51",1.7011,"Kapchorwa","2021","East"
"2","KBG-06-22",1.6565,"Kaabong","2021","North"
"3","TO-06-50",1.0474,"Tororo","2021","East"
"4","AG-06-10",1.3357,"Agago","2021","North"
"5","AG-06-30",1.1017,"Agago","2021","North"
"6","AG-06-31",2.7258,"Agago","2021","North"
"7","AG-06-33",1.0173,"Agago","2021","North"
"8","AG-06-47",1.0383,"Agago","2021","North"
"9","AG-06-63",1.7334,"Agago","2021","North"
"10","AG-06-71",1.0924,"Agago","2021","North"
"11","AM-06-25",1.74,"Amolatar","2021","North"
"12","AM-06-27",1.1605,"Amolatar","2021","North"
"13","AM-06-29",2.0082,"Amolatar","2021","North"
"14","AM-06-30",1.9829,"Amolatar","2021","North"
"15","AM-06-31",1.9692,"Amolatar","2021","North"
"16","AM-06-32",1.9662,"Amolatar","2021","North"
"17","AM-06-33",1.9887,"Amolatar","2021","North"
"18","AM-06-34",1.8632,"Amolatar","2021","North"
"19","AM-06-37",2.0167,"Amolatar","2021","North"
"20","AM-06-45",1.9717,"Amolatar","2021","North"
"21","AM-06-46",1.916,"Amolatar","2021","North"
"22","AM-06-47",1.9893,"Amolatar","2021","North"
"23","AM-06-49",2.0044,"Amolatar","2021","North"
"24","AM-06-51",2.0099,"Amolatar","2021","North"
"25","AM-06-53",1.968,"Amolatar","2021","North"
"26","AM-06-54",2.0012,"Amolatar","2021","North"
"27","AM-06-57",2.0058,"Amolatar","2021","North"
"28","AM-06-62",1.99,"Amolatar","2021","North"
"29","AM-06-63",1.9974,"Amolatar","2021","North"
"30","AM-06-64",2.016,"Amolatar","2021","North"
"31","AM-06-66",1.9694,"Amolatar","2021","North"
"32","AM-06-67",1.9971,"Amolatar","2021","North"
"33","AR-06-10",1.0356,"Arua","2021","N.West"
"34","AR-06-17",3.0096,"Arua","2021","N.West"
"35","AR-06-21",1.1061,"Arua","2021","N.West"
"36","AR-06-23",1.0371,"Arua","2021","N.West"
"37","AR-06-30",1.0467,"Arua","2021","N.West"
"38","AR-06-43",2.1528,"Arua","2021","N.West"
"39","AR-06-44",1.146,"Arua","2021","N.West"
"40","AR-06-82",2.2554,"Arua","2021","N.West"
"41","AR-06-85",1.0336,"Arua","2021","N.West"
"42","AR-06-88",1.0452,"Arua","2021","N.West"
"43","AR-06-96",1.0277,"Arua","2021","N.West"
"44","HO-06-01",1.0213,"Hoima","2021","West"
"45","HO-06-02",1.5159,"Hoima","2021","West"
"46","HO-06-04",1.0546,"Hoima","2021","West"
"47","HO-06-06",1.4124,"Hoima","2021","West"
"48","HO-06-08",2.7101,"Hoima","2021","West"
"49","HO-06-10",1.7112,"Hoima","2021","West"
"50","HO-06-11",1.032,"Hoima","2021","West"
"51","HO-06-13",1.0492,"Hoima","2021","West"
"52","HO-06-17",1.6061,"Hoima","2021","West"
"53","HO-06-19",1.037,"Hoima","2021","West"
"54","HO-06-20",1.042,"Hoima","2021","West"
"55","HO-06-22",1.0364,"Hoima","2021","West"
"56","HO-06-23",1.0373,"Hoima","2021","West"
"57","HO-06-24",1.0313,"Hoima","2021","West"
"58","HO-06-25",1.0433,"Hoima","2021","West"
"59","HO-06-28",1.5051,"Hoima","2021","West"
"60","HO-06-32",1.0499,"Hoima","2021","West"
"61","HO-06-34",1.0448,"Hoima","2021","West"
"62","HO-06-51",1.0529,"Hoima","2021","West"
"63","HO-06-53",1.0379,"Hoima","2021","West"
"64","HO-06-54",1.1064,"Hoima","2021","West"
"65","HO-06-55",1.0968,"Hoima","2021","West"
"66","HO-06-56",1.0493,"Hoima","2021","West"
"67","HO-06-66",1.2717,"Hoima","2021","West"
"68","HO-06-68",1.0398,"Hoima","2021","West"
"69","HO-06-69",1.0825,"Hoima","2021","West"
"70","HO-06-70",1.25,"Hoima","2021","West"
"71","HO-06-71",1.1125,"Hoima","2021","West"
"72","HO-06-77",1.0514,"Hoima","2021","West"
"73","HO-06-79",1.0394,"Hoima","2021","West"
"74","HO-06-81",1.1131,"Hoima","2021","West"
"75","HO-06-85",1.0498,"Hoima","2021","West"
"76","HO-06-87",1.0517,"Hoima","2021","West"
"77","HO-06-88",1.07,"Hoima","2021","West"
"78","HO-06-92",1.0493,"Hoima","2021","West"
"79","HO-06-94",1.0521,"Hoima","2021","West"
"80","HO-06-96",1.0471,"Hoima","2021","West"
"81","JI-06-05",1.1037,"Jinja","2021","E.Central"
"82","JI-06-09",1.1835,"Jinja","2021","E.Central"
"83","JI-06-11",1.0629,"Jinja","2021","E.Central"
"84","JI-06-14",1.1077,"Jinja","2021","E.Central"
"85","JI-06-22",1.0599,"Jinja","2021","E.Central"
"86","JI-06-32",2.8805,"Jinja","2021","E.Central"
"87","JI-06-37",1.0962,"Jinja","2021","E.Central"
"88","JI-06-42",1.0277,"Jinja","2021","E.Central"
"89","JI-06-54",1.1196,"Jinja","2021","E.Central"
"90","JI-06-65",1.0215,"Jinja","2021","E.Central"
"91","JI-06-74",1.0365,"Jinja","2021","E.Central"
"92","JI-06-98",1.0433,"Jinja","2021","E.Central"
"93","KAP-06-02",1.0288,"Kapchorwa","2021","East"
"94","KAP-06-09",1.4587,"Kapchorwa","2021","East"
"95","KAP-06-10",1.0498,"Kapchorwa","2021","East"
"96","KAP-06-17",1.4308,"Kapchorwa","2021","East"
"97","KAP-06-18",1.1369,"Kapchorwa","2021","East"
"98","KAP-06-23",1.0264,"Kapchorwa","2021","East"
"99","KAP-06-25",1.4981,"Kapchorwa","2021","East"
"100","KAP-06-27",1.0517,"Kapchorwa","2021","East"
"101","KAP-06-28",1.057,"Kapchorwa","2021","East"
"102","KAP-06-29",1.0536,"Kapchorwa","2021","East"
"103","KAP-06-30",1.048,"Kapchorwa","2021","East"
"104","KAP-06-31",1.0603,"Kapchorwa","2021","East"
"105","KAP-06-32",1.0583,"Kapchorwa","2021","East"
"106","KAP-06-33",1.0501,"Kapchorwa","2021","East"
"107","KAP-06-34",1.0544,"Kapchorwa","2021","East"
"108","KAP-06-37",1.0396,"Kapchorwa","2021","East"
"109","KAP-06-38",1.0495,"Kapchorwa","2021","East"
"110","KAP-06-40",1.0454,"Kapchorwa","2021","East"
"111","KAP-06-41",1.0533,"Kapchorwa","2021","East"
"112","KAP-06-42",1.0475,"Kapchorwa","2021","East"
"113","KAP-06-43",1.0584,"Kapchorwa","2021","East"
"114","KAP-06-44",1.0477,"Kapchorwa","2021","East"
"115","KAP-06-45",1.0537,"Kapchorwa","2021","East"
"116","KAP-06-46",1.0469,"Kapchorwa","2021","East"
"117","KAP-06-47",1.051,"Kapchorwa","2021","East"
"118","KAP-06-49",1.0412,"Kapchorwa","2021","East"
"119","KAP-06-50",1.0476,"Kapchorwa","2021","East"
"120","KAP-06-52",1.0678,"Kapchorwa","2021","East"
"121","KAP-06-54",1.0466,"Kapchorwa","2021","East"
"122","KAP-06-55",1.0503,"Kapchorwa","2021","East"
"123","KAP-06-57",1.0425,"Kapchorwa","2021","East"
"124","KAP-06-59",1.0521,"Kapchorwa","2021","East"
"125","KAP-06-62",1.0546,"Kapchorwa","2021","East"
"126","KAP-06-63",1.0439,"Kapchorwa","2021","East"
"127","KAP-06-64",1.0569,"Kapchorwa","2021","East"
"128","KAP-06-65",1.0453,"Kapchorwa","2021","East"
"129","KAP-06-66",1.0509,"Kapchorwa","2021","East"
"130","KAP-06-67",1.0426,"Kapchorwa","2021","East"
"131","KAP-06-69",1.042,"Kapchorwa","2021","East"
"132","KAP-06-70",1.0518,"Kapchorwa","2021","East"
"133","KAP-06-71",1.0317,"Kapchorwa","2021","East"
"134","KAP-06-74",1.0442,"Kapchorwa","2021","East"
"135","KAP-06-75",1.0375,"Kapchorwa","2021","East"
"136","KAP-06-77",1.0398,"Kapchorwa","2021","East"
"137","KAP-06-79",1.0351,"Kapchorwa","2021","East"
"138","KAP-06-81",1.0405,"Kapchorwa","2021","East"
"139","KAP-06-82",1.0474,"Kapchorwa","2021","East"
"140","KAP-06-85",1.0524,"Kapchorwa","2021","East"
"141","KAP-06-88",1.0432,"Kapchorwa","2021","East"
"142","KAP-06-89",1.039,"Kapchorwa","2021","East"
"143","KAP-06-92",1.0466,"Kapchorwa","2021","East"
"144","KB-06-22",1.0295,"Kabale","2021","S.West"
"145","KB-06-24",1.0245,"Kabale","2021","S.West"
"146","KB-06-45",1.5106,"Kabale","2021","S.West"
"147","KB-06-68",1.0184,"Kabale","2021","S.West"
"148","KB-06-87",1.2287,"Kabale","2021","S.West"
"149","KBG-06-21",1.0482,"Kaabong","2021","North"
"150","KBG-06-23",1.0634,"Kaabong","2021","North"
"151","KBG-06-30",1.0419,"Kaabong","2021","North"
"152","KBG-06-39",1.1143,"Kaabong","2021","North"
"153","KBG-06-59",1.2382,"Kaabong","2021","North"
"154","KBG-06-70",1.1509,"Kaabong","2021","North"
"155","KBG-06-92",1.3447,"Kaabong","2021","North"
"156","KBG-06-93",2.286,"Kaabong","2021","North"
"157","KBG-06-94",1.1462,"Kaabong","2021","North"
"158","KBG-06-95",1.0372,"Kaabong","2021","North"
"159","KBG-06-96",1.0229,"Kaabong","2021","North"
"160","KBK-06-05",2.5488,"Koboko","2021","N.West"
"161","KBK-06-30",1.057,"Koboko","2021","N.West"
"162","KBK-06-66",1.0483,"Koboko","2021","N.West"
"163","KBK-06-76",1.1387,"Koboko","2021","N.West"
"164","KN-06-01",1.0381,"Kanungu","2021","S.West"
"165","KN-06-06",1.0504,"Kanungu","2021","S.West"
"166","KN-06-16",2.2906,"Kanungu","2021","S.West"
"167","KN-06-19",1.1156,"Kanungu","2021","S.West"
"168","KN-06-22",1.0466,"Kanungu","2021","S.West"
"169","KN-06-25",1.3844,"Kanungu","2021","S.West"
"170","KN-06-26",1.0352,"Kanungu","2021","S.West"
"171","KN-06-29",1.0324,"Kanungu","2021","S.West"
"172","KN-06-34",1.0387,"Kanungu","2021","S.West"
"173","KN-06-35",1.1752,"Kanungu","2021","S.West"
"174","KN-06-41",1.5536,"Kanungu","2021","S.West"
"175","KN-06-42",1.1763,"Kanungu","2021","S.West"
"176","KN-06-43",1.4023,"Kanungu","2021","S.West"
"177","KN-06-54",1.2029,"Kanungu","2021","S.West"
"178","KN-06-56",1.0471,"Kanungu","2021","S.West"
"179","KN-06-59",1.0373,"Kanungu","2021","S.West"
"180","KN-06-62",1.6179,"Kanungu","2021","S.West"
"181","KN-06-64",1.249,"Kanungu","2021","S.West"
"182","KN-06-67",1.0164,"Kanungu","2021","S.West"
"183","KN-06-70",1.0316,"Kanungu","2021","S.West"
"184","KN-06-75",1.0292,"Kanungu","2021","S.West"
"185","KN-06-78",1.1244,"Kanungu","2021","S.West"
"186","KN-06-86",1.0451,"Kanungu","2021","S.West"
"187","KO-06-01",1.7731,"Kole","2021","North"
"188","KO-06-09",1.7218,"Kole","2021","North"
"189","KO-06-15",1.2948,"Kole","2021","North"
"190","KO-06-36",2.392,"Kole","2021","North"
"191","KO-06-57",1.1067,"Kole","2021","North"
"192","KO-06-59",1.8374,"Kole","2021","North"
"193","KO-06-70",1.3388,"Kole","2021","North"
"194","KO-06-76",2.4138,"Kole","2021","North"
"195","KS-06-09",1.0385,"Kasese","2021","S.West"
"196","KS-06-14",1.5642,"Kasese","2021","S.West"
"197","KS-06-16",1.0542,"Kasese","2021","S.West"
"198","KS-06-32",1.0233,"Kasese","2021","S.West"
"199","KS-06-38",1.0275,"Kasese","2021","S.West"
"200","KS-06-57",1.0283,"Kasese","2021","S.West"
"201","KS-06-73",1.0329,"Kasese","2021","S.West"
"202","KS-06-75",1.1528,"Kasese","2021","S.West"
"203","KS-06-77",1.0407,"Kasese","2021","S.West"
"204","KS-06-79",1.5467,"Kasese","2021","S.West"
"205","KS-06-86",1.0513,"Kasese","2021","S.West"
"206","KS-06-87",2.6364,"Kasese","2021","S.West"
"207","KS-06-89",1.0536,"Kasese","2021","S.West"
"208","KS-06-96",1.0434,"Kasese","2021","S.West"
"209","KTK-06-03",1.226,"Katakwi","2021","East"
"210","KTK-06-37",1.0237,"Katakwi","2021","East"
"211","KTK-06-51",1.0133,"Katakwi","2021","East"
"212","KTK-06-56",1.0535,"Katakwi","2021","East"
"213","KTK-06-82",1.0359,"Katakwi","2021","East"
"214","KTK-06-87",1.0365,"Katakwi","2021","East"
"215","KTK-06-89",1.2406,"Katakwi","2021","East"
"216","LAM-06-07",2.8028,"Lamwo","2021","North"
"217","LAM-06-09",1.7904,"Lamwo","2021","North"
"218","LAM-06-10",1.4582,"Lamwo","2021","North"
"219","LAM-06-20",1.5633,"Lamwo","2021","North"
"220","LAM-06-58",1.138,"Lamwo","2021","North"
"221","LAM-06-59",1.1656,"Lamwo","2021","North"
"222","LAM-06-81",1.0315,"Lamwo","2021","North"
"223","MU-06-37",1.0242,"Mubende","2021","Central"
"224","MU-06-65",3.048,"Mubende","2021","Central"
"225","TO-06-07",1.0374,"Tororo","2021","East"
"226","TO-06-08",2.4266,"Tororo","2021","East"
"227","TO-06-29",1.0355,"Tororo","2021","East"
"228","TO-06-33",1.271,"Tororo","2021","East"
"229","TO-06-34",1.795,"Tororo","2021","East"
"230","TO-06-36",1.0434,"Tororo","2021","East"
"231","TO-06-42",1.0456,"Tororo","2021","East"
"232","TO-06-46",1.0946,"Tororo","2021","East"
"233","TO-06-48",1.4525,"Tororo","2021","East"
"234","TO-06-70",1.2341,"Tororo","2021","East"
"235","TO-06-71",1.056,"Tororo","2021","East"
"236","TO-06-74",1.053,"Tororo","2021","East"
"237","TO-06-94",1.7633,"Tororo","2021","East"
"238","TO-06-96",1.0314,"Tororo","2021","East"
"239","TO-06-97",2.0581,"Tororo","2021","East"
"240","AG-06-01",1.3083,"Agago","2021","North"
"241","AG-06-06",1.0469,"Agago","2021","North"
"242","AG-06-07",1.0626,"Agago","2021","North"
"243","AG-06-09",1.3777,"Agago","2021","North"
"244","AG-06-15",1.1299,"Agago","2021","North"
"245","AG-06-18",1.2597,"Agago","2021","North"
"246","AG-06-19",1.1031,"Agago","2021","North"
"247","AG-06-20",1.4731,"Agago","2021","North"
"248","AG-06-22",1.6257,"Agago","2021","North"
"249","AG-06-26",1.2861,"Agago","2021","North"
"250","AG-06-27",1.3844,"Agago","2021","North"
"251","AG-06-32",1.4059,"Agago","2021","North"
"252","AG-06-34",1.5855,"Agago","2021","North"
"253","AG-06-35",1.1728,"Agago","2021","North"
"254","AG-06-36",1.0955,"Agago","2021","North"
"255","AG-06-38",1.0977,"Agago","2021","North"
"256","AG-06-40",1.0117,"Agago","2021","North"
"257","AG-06-46",1.0415,"Agago","2021","North"
"258","AG-06-48",1.4212,"Agago","2021","North"
"259","AG-06-49",1.168,"Agago","2021","North"
"260","AG-06-55",1.2768,"Agago","2021","North"
"261","AG-06-60",1.1763,"Agago","2021","North"
"262","AG-06-62",1.5388,"Agago","2021","North"
"263","AG-06-64",1.0861,"Agago","2021","North"
"264","AG-06-67",1.1165,"Agago","2021","North"
"265","AG-06-73",1.0341,"Agago","2021","North"
"266","AG-06-74",2.4142,"Agago","2021","North"
"267","AG-06-76",1.2263,"Agago","2021","North"
"268","AG-06-77",1.0768,"Agago","2021","North"
"269","AG-06-78",1.3233,"Agago","2021","North"
"270","AG-06-80",1.2474,"Agago","2021","North"
"271","AG-06-87",1.0174,"Agago","2021","North"
"272","AG-06-94",1.6007,"Agago","2021","North"
"273","AG-06-95",1.0114,"Agago","2021","North"
"274","AG-06-96",1.1027,"Agago","2021","North"
"275","AM-06-03",1.2508,"Amolatar","2021","North"
"276","AM-06-06",1.0441,"Amolatar","2021","North"
"277","AM-06-10",1.0226,"Amolatar","2021","North"
"278","AM-06-12",1.0593,"Amolatar","2021","North"
"279","AM-06-14",1.0438,"Amolatar","2021","North"
"280","AM-06-16",1.0336,"Amolatar","2021","North"
"281","AM-06-17",1.9517,"Amolatar","2021","North"
"282","AM-06-20",1.4013,"Amolatar","2021","North"
"283","AM-06-21",1.0426,"Amolatar","2021","North"
"284","AM-06-23",1.1281,"Amolatar","2021","North"
"285","AM-06-35",1.6781,"Amolatar","2021","North"
"286","AM-06-36",1.9422,"Amolatar","2021","North"
"287","AM-06-38",1.9704,"Amolatar","2021","North"
"288","AM-06-39",1.9852,"Amolatar","2021","North"
"289","AM-06-40",1.9822,"Amolatar","2021","North"
"290","AM-06-41",1.9869,"Amolatar","2021","North"
"291","AM-06-42",1.9581,"Amolatar","2021","North"
"292","AM-06-43",2.0029,"Amolatar","2021","North"
"293","AM-06-44",1.9955,"Amolatar","2021","North"
"294","AM-06-48",1.6388,"Amolatar","2021","North"
"295","AM-06-50",1.9858,"Amolatar","2021","North"
"296","AM-06-52",1.998,"Amolatar","2021","North"
"297","AM-06-55",1.98,"Amolatar","2021","North"
"298","AM-06-56",1.973,"Amolatar","2021","North"
"299","AM-06-58",1.9636,"Amolatar","2021","North"
"300","AM-06-59",1.9369,"Amolatar","2021","North"
"301","AM-06-61",2.0236,"Amolatar","2021","North"
"302","AM-06-65",2.0171,"Amolatar","2021","North"
"303","AM-06-68",1.9688,"Amolatar","2021","North"
"304","AM-06-69",1.9324,"Amolatar","2021","North"
"305","AR-06-02",1.0539,"Arua","2021","N.West"
"306","AR-06-04",1.2047,"Arua","2021","N.West"
"307","AR-06-07",1.1326,"Arua","2021","N.West"
"308","AR-06-15",1.0479,"Arua","2021","N.West"
"309","AR-06-16",1.3569,"Arua","2021","N.West"
"310","AR-06-19",1.1313,"Arua","2021","N.West"
"311","AR-06-20",1.0598,"Arua","2021","N.West"
"312","AR-06-22",1.0749,"Arua","2021","N.West"
"313","AR-06-24",1.024,"Arua","2021","N.West"
"314","AR-06-26",1.0087,"Arua","2021","N.West"
"315","AR-06-31",1.0095,"Arua","2021","N.West"
"316","AR-06-36",1.6878,"Arua","2021","N.West"
"317","AR-06-37",1.3001,"Arua","2021","N.West"
"318","AR-06-40",1.0542,"Arua","2021","N.West"
"319","AR-06-41",1.126,"Arua","2021","N.West"
"320","AR-06-45",1.1282,"Arua","2021","N.West"
"321","AR-06-48",1.6983,"Arua","2021","N.West"
"322","AR-06-49",1.2319,"Arua","2021","N.West"
"323","AR-06-56",1.3304,"Arua","2021","N.West"
"324","AR-06-57",1.03,"Arua","2021","N.West"
"325","AR-06-58",1.6125,"Arua","2021","N.West"
"326","AR-06-60",2.5788,"Arua","2021","N.West"
"327","AR-06-61",1.5162,"Arua","2021","N.West"
"328","AR-06-63",1.0917,"Arua","2021","N.West"
"329","AR-06-65",1.0748,"Arua","2021","N.West"
"330","AR-06-66",2.0478,"Arua","2021","N.West"
"331","AR-06-68",1.0157,"Arua","2021","N.West"
"332","AR-06-69",1.1257,"Arua","2021","N.West"
"333","AR-06-70",1.0498,"Arua","2021","N.West"
"334","AR-06-75",1.2234,"Arua","2021","N.West"
"335","AR-06-76",1.0289,"Arua","2021","N.West"
"336","AR-06-77",1.0308,"Arua","2021","N.West"
"337","AR-06-78",1.181,"Arua","2021","N.West"
"338","AR-06-79",1.0287,"Arua","2021","N.West"
"339","AR-06-83",1.3652,"Arua","2021","N.West"
"340","AR-06-84",1.0383,"Arua","2021","N.West"
"341","AR-06-86",1.2689,"Arua","2021","N.West"
"342","AR-06-87",1.0123,"Arua","2021","N.West"
"343","AR-06-89",1.0396,"Arua","2021","N.West"
"344","AR-06-92",1.0177,"Arua","2021","N.West"
"345","AR-06-94",1.236,"Arua","2021","N.West"
"346","AR-06-97",1.0305,"Arua","2021","N.West"
"347","AR-06-98",1.5985,"Arua","2021","N.West"
"348","AR-06-99",1.0146,"Arua","2021","N.West"
"349","HO-06-03",2.4009,"Hoima","2021","West"
"350","HO-06-07",2.3621,"Hoima","2021","West"
"351","HO-06-100",1.0492,"Hoima","2021","West"
"352","HO-06-12",1.037,"Hoima","2021","West"
"353","HO-06-14",1.0332,"Hoima","2021","West"
"354","HO-06-15",1.0258,"Hoima","2021","West"
"355","HO-06-16",1.0267,"Hoima","2021","West"
"356","HO-06-18",1.0346,"Hoima","2021","West"
"357","HO-06-26",1.8654,"Hoima","2021","West"
"358","HO-06-27",1.5782,"Hoima","2021","West"
"359","HO-06-29",1.0409,"Hoima","2021","West"
"360","HO-06-30",1.0286,"Hoima","2021","West"
"361","HO-06-37",1.0388,"Hoima","2021","West"
"362","HO-06-38",1.0387,"Hoima","2021","West"
"363","HO-06-42",1.1452,"Hoima","2021","West"
"364","HO-06-44",1.1993,"Hoima","2021","West"
"365","HO-06-50",1.2182,"Hoima","2021","West"
"366","HO-06-52",1.0341,"Hoima","2021","West"
"367","HO-06-57",1.0393,"Hoima","2021","West"
"368","HO-06-58",1.1199,"Hoima","2021","West"
"369","HO-06-59",1.1149,"Hoima","2021","West"
"370","HO-06-60",1.038,"Hoima","2021","West"
"371","HO-06-61",1.1053,"Hoima","2021","West"
"372","HO-06-62",1.2814,"Hoima","2021","West"
"373","HO-06-64",1.2697,"Hoima","2021","West"
"374","HO-06-65",1.0386,"Hoima","2021","West"
"375","HO-06-67",1.9565,"Hoima","2021","West"
"376","HO-06-72",1.0436,"Hoima","2021","West"
"377","HO-06-73",1.1084,"Hoima","2021","West"
"378","HO-06-74",1.0213,"Hoima","2021","West"
"379","HO-06-75",1.113,"Hoima","2021","West"
"380","HO-06-76",1.0718,"Hoima","2021","West"
"381","HO-06-80",1.0305,"Hoima","2021","West"
"382","HO-06-82",1.0765,"Hoima","2021","West"
"383","HO-06-83",1.0058,"Hoima","2021","West"
"384","HO-06-84",1.0684,"Hoima","2021","West"
"385","HO-06-86",1.0835,"Hoima","2021","West"
"386","HO-06-89",1.1201,"Hoima","2021","West"
"387","HO-06-90",1.1039,"Hoima","2021","West"
"388","HO-06-91",1.0336,"Hoima","2021","West"
"389","HO-06-95",1.0506,"Hoima","2021","West"
"390","HO-06-97",1.0494,"Hoima","2021","West"
"391","HO-06-98",1.0523,"Hoima","2021","West"
"392","HO-06-99",1.047,"Hoima","2021","West"
"393","JI-06-01",1.1686,"Jinja","2021","E.Central"
"394","JI-06-02",1.053,"Jinja","2021","E.Central"
"395","JI-06-03",1.0794,"Jinja","2021","E.Central"
"396","JI-06-07",1.0815,"Jinja","2021","E.Central"
"397","JI-06-08",1.0641,"Jinja","2021","E.Central"
"398","JI-06-10",1.0938,"Jinja","2021","E.Central"
"399","JI-06-100",1.0145,"Jinja","2021","E.Central"
"400","JI-06-13",1.0976,"Jinja","2021","E.Central"
"401","JI-06-15",1.0865,"Jinja","2021","E.Central"
"402","JI-06-16",1.1153,"Jinja","2021","E.Central"
"403","JI-06-18",1.0453,"Jinja","2021","E.Central"
"404","JI-06-19",1.0277,"Jinja","2021","E.Central"
"405","JI-06-20",1.0407,"Jinja","2021","E.Central"
"406","JI-06-21",1.0635,"Jinja","2021","E.Central"
"407","JI-06-23",1.0864,"Jinja","2021","E.Central"
"408","JI-06-24",1.0449,"Jinja","2021","E.Central"
"409","JI-06-25",1.1534,"Jinja","2021","E.Central"
"410","JI-06-26",1.0527,"Jinja","2021","E.Central"
"411","JI-06-27",1.0454,"Jinja","2021","E.Central"
"412","JI-06-30",1.0441,"Jinja","2021","E.Central"
"413","JI-06-31",1.057,"Jinja","2021","E.Central"
"414","JI-06-34",1.0218,"Jinja","2021","E.Central"
"415","JI-06-35",1.1004,"Jinja","2021","E.Central"
"416","JI-06-38",1.0473,"Jinja","2021","E.Central"
"417","JI-06-39",1.0578,"Jinja","2021","E.Central"
"418","JI-06-40",1.126,"Jinja","2021","E.Central"
"419","JI-06-41",1.1378,"Jinja","2021","E.Central"
"420","JI-06-43",1.0138,"Jinja","2021","E.Central"
"421","JI-06-44",1.0296,"Jinja","2021","E.Central"
"422","JI-06-45",1.0432,"Jinja","2021","E.Central"
"423","JI-06-46",1.0353,"Jinja","2021","E.Central"
"424","JI-06-48",1.0342,"Jinja","2021","E.Central"
"425","JI-06-52",1.0734,"Jinja","2021","E.Central"
"426","JI-06-53",1.1159,"Jinja","2021","E.Central"
"427","JI-06-56",1.1103,"Jinja","2021","E.Central"
"428","JI-06-57",1.0913,"Jinja","2021","E.Central"
"429","JI-06-59",1.0304,"Jinja","2021","E.Central"
"430","JI-06-60",1.0371,"Jinja","2021","E.Central"
"431","JI-06-61",1.0988,"Jinja","2021","E.Central"
"432","JI-06-62",1.0469,"Jinja","2021","E.Central"
"433","JI-06-63",1.0561,"Jinja","2021","E.Central"
"434","JI-06-67",1.0025,"Jinja","2021","E.Central"
"435","JI-06-69",1.0287,"Jinja","2021","E.Central"
"436","JI-06-70",1.0185,"Jinja","2021","E.Central"
"437","JI-06-71",1.0186,"Jinja","2021","E.Central"
"438","JI-06-72",1.026,"Jinja","2021","E.Central"
"439","JI-06-73",1.0207,"Jinja","2021","E.Central"
"440","JI-06-76",1.0356,"Jinja","2021","E.Central"
"441","JI-06-77",1.0265,"Jinja","2021","E.Central"
"442","JI-06-79",1.0185,"Jinja","2021","E.Central"
"443","JI-06-83",1.0198,"Jinja","2021","E.Central"
"444","JI-06-84",1.0252,"Jinja","2021","E.Central"
"445","JI-06-85",1.0204,"Jinja","2021","E.Central"
"446","JI-06-87",1.0192,"Jinja","2021","E.Central"
"447","JI-06-88",1.0122,"Jinja","2021","E.Central"
"448","JI-06-91",1.0148,"Jinja","2021","E.Central"
"449","JI-06-93",1.0236,"Jinja","2021","E.Central"
"450","JI-06-95",1.024,"Jinja","2021","E.Central"
"451","JI-06-96",1.0223,"Jinja","2021","E.Central"
"452","JI-06-97",1.0238,"Jinja","2021","E.Central"
"453","KAP-06-04",1.0357,"Kapchorwa","2021","East"
"454","KAP-06-05",1.0527,"Kapchorwa","2021","East"
"455","KAP-06-07",1.0395,"Kapchorwa","2021","East"
"456","KAP-06-12",1.2641,"Kapchorwa","2021","East"
"457","KAP-06-14",1.0283,"Kapchorwa","2021","East"
"458","KAP-06-15",1.0598,"Kapchorwa","2021","East"
"459","KAP-06-16",1.16,"Kapchorwa","2021","East"
"460","KAP-06-19",1.195,"Kapchorwa","2021","East"
"461","KAP-06-22",1.0497,"Kapchorwa","2021","East"
"462","KAP-06-24",1.0888,"Kapchorwa","2021","East"
"463","KAP-06-26",1.058,"Kapchorwa","2021","East"
"464","KAP-06-35",1.0354,"Kapchorwa","2021","East"
"465","KAP-06-36",1.0434,"Kapchorwa","2021","East"
"466","KAP-06-48",1.0486,"Kapchorwa","2021","East"
"467","KAP-06-53",1.0651,"Kapchorwa","2021","East"
"468","KAP-06-58",1.0215,"Kapchorwa","2021","East"
"469","KAP-06-60",1.0338,"Kapchorwa","2021","East"
"470","KAP-06-72",1.0463,"Kapchorwa","2021","East"
"471","KAP-06-76",1.0392,"Kapchorwa","2021","East"
"472","KAP-06-80",1.015,"Kapchorwa","2021","East"
"473","KAP-06-83",1.0471,"Kapchorwa","2021","East"
"474","KAP-06-84",1.0425,"Kapchorwa","2021","East"
"475","KAP-06-86",1.0469,"Kapchorwa","2021","East"
"476","KAP-06-87",1.0334,"Kapchorwa","2021","East"
"477","KAP-06-93",1.0465,"Kapchorwa","2021","East"
"478","KAP-06-94",1.0335,"Kapchorwa","2021","East"
"479","KAP-06-95",1.048,"Kapchorwa","2021","East"
"480","KAP-06-96",1.045,"Kapchorwa","2021","East"
"481","KB-06-03",1.7529,"Kabale","2021","S.West"
"482","KB-06-04",1.0443,"Kabale","2021","S.West"
"483","KB-06-05",1.1181,"Kabale","2021","S.West"
"484","KB-06-06",1.0264,"Kabale","2021","S.West"
"485","KB-06-09",1.0478,"Kabale","2021","S.West"
"486","KB-06-100",1.0057,"Kabale","2021","S.West"
"487","KB-06-16",1.2025,"Kabale","2021","S.West"
"488","KB-06-18",1.0457,"Kabale","2021","S.West"
"489","KB-06-19",1.0351,"Kabale","2021","S.West"
"490","KB-06-20",1.0435,"Kabale","2021","S.West"
"491","KB-06-23",1.0333,"Kabale","2021","S.West"
"492","KB-06-26",1.2146,"Kabale","2021","S.West"
"493","KB-06-27",1.1083,"Kabale","2021","S.West"
"494","KB-06-28",1.3905,"Kabale","2021","S.West"
"495","KB-06-29",1.0329,"Kabale","2021","S.West"
"496","KB-06-33",1.0294,"Kabale","2021","S.West"
"497","KB-06-36",1.0318,"Kabale","2021","S.West"
"498","KB-06-39",1.0454,"Kabale","2021","S.West"
"499","KB-06-40",1.1957,"Kabale","2021","S.West"
"500","KB-06-41",1.1426,"Kabale","2021","S.West"
"501","KB-06-43",1.5674,"Kabale","2021","S.West"
"502","KB-06-44",1.0057,"Kabale","2021","S.West"
"503","KB-06-47",1.046,"Kabale","2021","S.West"
"504","KB-06-48",1.3914,"Kabale","2021","S.West"
"505","KB-06-49",1.0337,"Kabale","2021","S.West"
"506","KB-06-50",1.0527,"Kabale","2021","S.West"
"507","KB-06-52",1.0279,"Kabale","2021","S.West"
"508","KB-06-55",1.0325,"Kabale","2021","S.West"
"509","KB-06-56",1.0683,"Kabale","2021","S.West"
"510","KB-06-63",1.0177,"Kabale","2021","S.West"
"511","KB-06-66",1.0394,"Kabale","2021","S.West"
"512","KB-06-67",1.1131,"Kabale","2021","S.West"
"513","KB-06-70",1.2387,"Kabale","2021","S.West"
"514","KB-06-73",1.083,"Kabale","2021","S.West"
"515","KB-06-76",1.2794,"Kabale","2021","S.West"
"516","KB-06-77",1.2935,"Kabale","2021","S.West"
"517","KB-06-78",1.0493,"Kabale","2021","S.West"
"518","KB-06-79",1.0205,"Kabale","2021","S.West"
"519","KB-06-80",1.0122,"Kabale","2021","S.West"
"520","KB-06-81",1.0409,"Kabale","2021","S.West"
"521","KB-06-85",1.9245,"Kabale","2021","S.West"
"522","KB-06-89",1.0158,"Kabale","2021","S.West"
"523","KB-06-90",1.9946,"Kabale","2021","S.West"
"524","KB-06-92",1.0055,"Kabale","2021","S.West"
"525","KB-06-93",1.2069,"Kabale","2021","S.West"
"526","KB-06-95",1.0457,"Kabale","2021","S.West"
"527","KB-06-96",1.0182,"Kabale","2021","S.West"
"528","KB-06-99",1.0203,"Kabale","2021","S.West"
"529","KBG-06-05",1.3019,"Kaabong","2021","North"
"530","KBG-06-07",1.0488,"Kaabong","2021","North"
"531","KBG-06-08",1.0313,"Kaabong","2021","North"
"532","KBG-06-09",1.7145,"Kaabong","2021","North"
"533","KBG-06-10",1.0624,"Kaabong","2021","North"
"534","KBG-06-12",1.6658,"Kaabong","2021","North"
"535","KBG-06-25",1.1092,"Kaabong","2021","North"
"536","KBG-06-32",1.3398,"Kaabong","2021","North"
"537","KBG-06-33",1.1191,"Kaabong","2021","North"
"538","KBG-06-34",1.3309,"Kaabong","2021","North"
"539","KBG-06-36",1.2359,"Kaabong","2021","North"
"540","KBG-06-40",1.006,"Kaabong","2021","North"
"541","KBG-06-41",1.4391,"Kaabong","2021","North"
"542","KBG-06-45",1.2972,"Kaabong","2021","North"
"543","KBG-06-46",1.0583,"Kaabong","2021","North"
"544","KBG-06-47",1.1093,"Kaabong","2021","North"
"545","KBG-06-50",1.0809,"Kaabong","2021","North"
"546","KBG-06-52",1.1275,"Kaabong","2021","North"
"547","KBG-06-53",1.1384,"Kaabong","2021","North"
"548","KBG-06-56",1.6393,"Kaabong","2021","North"
"549","KBG-06-60",1.0225,"Kaabong","2021","North"
"550","KBG-06-65",1.0388,"Kaabong","2021","North"
"551","KBG-06-66",1.1537,"Kaabong","2021","North"
"552","KBG-06-67",1.6238,"Kaabong","2021","North"
"553","KBG-06-72",1.2197,"Kaabong","2021","North"
"554","KBG-06-73",1.0142,"Kaabong","2021","North"
"555","KBG-06-76",1.0451,"Kaabong","2021","North"
"556","KBG-06-78",1.1862,"Kaabong","2021","North"
"557","KBG-06-81",1.0141,"Kaabong","2021","North"
"558","KBG-06-83",1.8157,"Kaabong","2021","North"
"559","KBG-06-86",1.0073,"Kaabong","2021","North"
"560","KBG-06-88",1.0243,"Kaabong","2021","North"
"561","KBG-06-89",1.1757,"Kaabong","2021","North"
"562","KBG-06-99",1.528,"Kaabong","2021","North"
"563","KBK-06-01",1.2512,"Koboko","2021","N.West"
"564","KBK-06-03",1.124,"Koboko","2021","N.West"
"565","KBK-06-06",1.1202,"Koboko","2021","N.West"
"566","KBK-06-08",1.0375,"Koboko","2021","N.West"
"567","KBK-06-10",1.2835,"Koboko","2021","N.West"
"568","KBK-06-12",1.3885,"Koboko","2021","N.West"
"569","KBK-06-13",1.0601,"Koboko","2021","N.West"
"570","KBK-06-26",1.2707,"Koboko","2021","N.West"
"571","KBK-06-33",1.0129,"Koboko","2021","N.West"
"572","KBK-06-38",1.1445,"Koboko","2021","N.West"
"573","KBK-06-42",1.0326,"Koboko","2021","N.West"
"574","KBK-06-43",1.0937,"Koboko","2021","N.West"
"575","KBK-06-48",1.0998,"Koboko","2021","N.West"
"576","KBK-06-52",1.1357,"Koboko","2021","N.West"
"577","KBK-06-55",1.9342,"Koboko","2021","N.West"
"578","KBK-06-56",1.0265,"Koboko","2021","N.West"
"579","KBK-06-65",2.566,"Koboko","2021","N.West"
"580","KBK-06-67",2.4011,"Koboko","2021","N.West"
"581","KBK-06-68",1.6556,"Koboko","2021","N.West"
"582","KBK-06-69",1.1576,"Koboko","2021","N.West"
"583","KBK-06-70",1.3355,"Koboko","2021","N.West"
"584","KBK-06-74",1.1526,"Koboko","2021","N.West"
"585","KBK-06-75",1.3257,"Koboko","2021","N.West"
"586","KBK-06-78",1.31,"Koboko","2021","N.West"
"587","KBK-06-80",1.0403,"Koboko","2021","N.West"
"588","KBK-06-90",1.0783,"Koboko","2021","N.West"
"589","KBK-06-94",1.281,"Koboko","2021","N.West"
"590","KBK-06-98",1.0397,"Koboko","2021","N.West"
"591","KN-06-05",1.029,"Kanungu","2021","S.West"
"592","KN-06-08",1.0253,"Kanungu","2021","S.West"
"593","KN-06-10",1.0176,"Kanungu","2021","S.West"
"594","KN-06-11",1.0442,"Kanungu","2021","S.West"
"595","KN-06-12",1.0487,"Kanungu","2021","S.West"
"596","KN-06-15",1.3399,"Kanungu","2021","S.West"
"597","KN-06-18",1.0938,"Kanungu","2021","S.West"
"598","KN-06-23",1.0726,"Kanungu","2021","S.West"
"599","KN-06-27",1.0443,"Kanungu","2021","S.West"
"600","KN-06-32",1.5552,"Kanungu","2021","S.West"
"601","KN-06-33",1.3683,"Kanungu","2021","S.West"
"602","KN-06-36",1.0238,"Kanungu","2021","S.West"
"603","KN-06-38",1.0306,"Kanungu","2021","S.West"
"604","KN-06-39",1.0085,"Kanungu","2021","S.West"
"605","KN-06-40",1.9555,"Kanungu","2021","S.West"
"606","KN-06-45",1.1493,"Kanungu","2021","S.West"
"607","KN-06-47",1.0398,"Kanungu","2021","S.West"
"608","KN-06-48",1.03,"Kanungu","2021","S.West"
"609","KN-06-49",1.4632,"Kanungu","2021","S.West"
"610","KN-06-50",1.0991,"Kanungu","2021","S.West"
"611","KN-06-52",1.4607,"Kanungu","2021","S.West"
"612","KN-06-53",1.0421,"Kanungu","2021","S.West"
"613","KN-06-55",1.6237,"Kanungu","2021","S.West"
"614","KN-06-60",1.0277,"Kanungu","2021","S.West"
"615","KN-06-63",1.3672,"Kanungu","2021","S.West"
"616","KN-06-65",1.0769,"Kanungu","2021","S.West"
"617","KN-06-66",1.0281,"Kanungu","2021","S.West"
"618","KN-06-69",1.046,"Kanungu","2021","S.West"
"619","KN-06-72",1.0318,"Kanungu","2021","S.West"
"620","KN-06-73",1.0365,"Kanungu","2021","S.West"
"621","KN-06-79",1.1995,"Kanungu","2021","S.West"
"622","KN-06-80",1.0392,"Kanungu","2021","S.West"
"623","KN-06-82",1.0281,"Kanungu","2021","S.West"
"624","KN-06-83",1.0106,"Kanungu","2021","S.West"
"625","KN-06-84",1.1181,"Kanungu","2021","S.West"
"626","KN-06-85",1.1935,"Kanungu","2021","S.West"
"627","KN-06-88",1.0495,"Kanungu","2021","S.West"
"628","KN-06-91",1.0422,"Kanungu","2021","S.West"
"629","KN-06-92",1.0094,"Kanungu","2021","S.West"
"630","KN-06-95",1.0329,"Kanungu","2021","S.West"
"631","KO-06-02",1.1214,"Kole","2021","North"
"632","KO-06-05",1.0357,"Kole","2021","North"
"633","KO-06-06",1.2578,"Kole","2021","North"
"634","KO-06-100",1.685,"Kole","2021","North"
"635","KO-06-11",1.3799,"Kole","2021","North"
"636","KO-06-13",1.2384,"Kole","2021","North"
"637","KO-06-14",1.0337,"Kole","2021","North"
"638","KO-06-22",2.1381,"Kole","2021","North"
"639","KO-06-25",1.0247,"Kole","2021","North"
"640","KO-06-28",1.0156,"Kole","2021","North"
"641","KO-06-32",1.0177,"Kole","2021","North"
"642","KO-06-34",1.1008,"Kole","2021","North"
"643","KO-06-37",1.0457,"Kole","2021","North"
"644","KO-06-42",1.3604,"Kole","2021","North"
"645","KO-06-43",1.1911,"Kole","2021","North"
"646","KO-06-45",1.0018,"Kole","2021","North"
"647","KO-06-62",1.0941,"Kole","2021","North"
"648","KO-06-72",1.0919,"Kole","2021","North"
"649","KO-06-75",1.5577,"Kole","2021","North"
"650","KO-06-78",1.1662,"Kole","2021","North"
"651","KO-06-79",1.0339,"Kole","2021","North"
"652","KO-06-80",1.191,"Kole","2021","North"
"653","KO-06-85",1.0258,"Kole","2021","North"
"654","KO-06-90",1.8913,"Kole","2021","North"
"655","KO-06-92",1.4575,"Kole","2021","North"
"656","KO-06-94",1.1194,"Kole","2021","North"
"657","KO-06-96",1.0304,"Kole","2021","North"
"658","KO-06-98",1.0335,"Kole","2021","North"
"659","KS-06-01",1.4716,"Kasese","2021","S.West"
"660","KS-06-03",1.0556,"Kasese","2021","S.West"
"661","KS-06-04",1.0225,"Kasese","2021","S.West"
"662","KS-06-05",1.031,"Kasese","2021","S.West"
"663","KS-06-06",1.4722,"Kasese","2021","S.West"
"664","KS-06-08",1.5299,"Kasese","2021","S.West"
"665","KS-06-100",1.0601,"Kasese","2021","S.West"
"666","KS-06-12",1.0275,"Kasese","2021","S.West"
"667","KS-06-15",1.3607,"Kasese","2021","S.West"
"668","KS-06-18",1.0232,"Kasese","2021","S.West"
"669","KS-06-19",1.089,"Kasese","2021","S.West"
"670","KS-06-21",1.0484,"Kasese","2021","S.West"
"671","KS-06-22",1.0667,"Kasese","2021","S.West"
"672","KS-06-23",1.0552,"Kasese","2021","S.West"
"673","KS-06-24",1.1227,"Kasese","2021","S.West"
"674","KS-06-26",1.4724,"Kasese","2021","S.West"
"675","KS-06-27",1.0479,"Kasese","2021","S.West"
"676","KS-06-28",1.074,"Kasese","2021","S.West"
"677","KS-06-33",1.0265,"Kasese","2021","S.West"
"678","KS-06-34",1.0346,"Kasese","2021","S.West"
"679","KS-06-35",1.0099,"Kasese","2021","S.West"
"680","KS-06-36",1.2526,"Kasese","2021","S.West"
"681","KS-06-37",1.0311,"Kasese","2021","S.West"
"682","KS-06-41",1.023,"Kasese","2021","S.West"
"683","KS-06-42",1.0196,"Kasese","2021","S.West"
"684","KS-06-44",1.0489,"Kasese","2021","S.West"
"685","KS-06-45",1.3216,"Kasese","2021","S.West"
"686","KS-06-46",1.0226,"Kasese","2021","S.West"
"687","KS-06-47",1.0085,"Kasese","2021","S.West"
"688","KS-06-49",1.0814,"Kasese","2021","S.West"
"689","KS-06-51",1.0956,"Kasese","2021","S.West"
"690","KS-06-53",1.0278,"Kasese","2021","S.West"
"691","KS-06-55",1.0138,"Kasese","2021","S.West"
"692","KS-06-58",1.1566,"Kasese","2021","S.West"
"693","KS-06-60",1.0293,"Kasese","2021","S.West"
"694","KS-06-61",1.0343,"Kasese","2021","S.West"
"695","KS-06-63",1.0777,"Kasese","2021","S.West"
"696","KS-06-64",1.0627,"Kasese","2021","S.West"
"697","KS-06-65",1.0285,"Kasese","2021","S.West"
"698","KS-06-68",1.027,"Kasese","2021","S.West"
"699","KS-06-69",1.1301,"Kasese","2021","S.West"
"700","KS-06-70",1.1545,"Kasese","2021","S.West"
"701","KS-06-78",1.0395,"Kasese","2021","S.West"
"702","KS-06-80",1.0383,"Kasese","2021","S.West"
"703","KS-06-81",1.02,"Kasese","2021","S.West"
"704","KS-06-83",1.0436,"Kasese","2021","S.West"
"705","KS-06-85",1.0133,"Kasese","2021","S.West"
"706","KS-06-88",1.0702,"Kasese","2021","S.West"
"707","KS-06-92",1.5843,"Kasese","2021","S.West"
"708","KS-06-93",1.1473,"Kasese","2021","S.West"
"709","KS-06-98",1.0247,"Kasese","2021","S.West"
"710","KS-06-99",1.0306,"Kasese","2021","S.West"
"711","KTK-06-01",1.0656,"Katakwi","2021","East"
"712","KTK-06-04",1.0519,"Katakwi","2021","East"
"713","KTK-06-06",1.0232,"Katakwi","2021","East"
"714","KTK-06-18",1.0436,"Katakwi","2021","East"
"715","KTK-06-19",1.0313,"Katakwi","2021","East"
"716","KTK-06-24",1.1478,"Katakwi","2021","East"
"717","KTK-06-26",1.0837,"Katakwi","2021","East"
"718","KTK-06-27",1.021,"Katakwi","2021","East"
"719","KTK-06-29",1.034,"Katakwi","2021","East"
"720","KTK-06-30",1.1611,"Katakwi","2021","East"
"721","KTK-06-31",1.3143,"Katakwi","2021","East"
"722","KTK-06-35",1.1131,"Katakwi","2021","East"
"723","KTK-06-41",1.0281,"Katakwi","2021","East"
"724","KTK-06-43",1.3389,"Katakwi","2021","East"
"725","KTK-06-50",1.1443,"Katakwi","2021","East"
"726","KTK-06-52",1.2117,"Katakwi","2021","East"
"727","KTK-06-53",1.0407,"Katakwi","2021","East"
"728","KTK-06-55",1.0172,"Katakwi","2021","East"
"729","KTK-06-62",1.0286,"Katakwi","2021","East"
"730","KTK-06-63",1.1431,"Katakwi","2021","East"
"731","KTK-06-64",1.2566,"Katakwi","2021","East"
"732","KTK-06-65",1.0207,"Katakwi","2021","East"
"733","KTK-06-68",1.2257,"Katakwi","2021","East"
"734","KTK-06-70",1.065,"Katakwi","2021","East"
"735","KTK-06-73",1.0199,"Katakwi","2021","East"
"736","KTK-06-74",1.1516,"Katakwi","2021","East"
"737","KTK-06-75",1.1175,"Katakwi","2021","East"
"738","KTK-06-77",1.0869,"Katakwi","2021","East"
"739","KTK-06-91",1.0319,"Katakwi","2021","East"
"740","KTK-06-93",1.2219,"Katakwi","2021","East"
"741","KTK-06-95",1.0314,"Katakwi","2021","East"
"742","KTK-06-96",1.2681,"Katakwi","2021","East"
"743","LA-06-97",1.4233,"Lamwo","2021","North"
"744","LA-06-98",1.138,"Lamwo","2021","North"
"745","LAM-06-03",1.0582,"Lamwo","2021","North"
"746","LAM-06-06",1.9871,"Lamwo","2021","North"
"747","LAM-06-08",1.0689,"Lamwo","2021","North"
"748","LAM-06-11",1.4071,"Lamwo","2021","North"
"749","LAM-06-17",1.1417,"Lamwo","2021","North"
"750","LAM-06-24",1.1304,"Lamwo","2021","North"
"751","LAM-06-30",1.0892,"Lamwo","2021","North"
"752","LAM-06-34",1.0154,"Lamwo","2021","North"
"753","LAM-06-35",1.0192,"Lamwo","2021","North"
"754","LAM-06-36",1.4767,"Lamwo","2021","North"
"755","LAM-06-44",1.0462,"Lamwo","2021","North"
"756","LAM-06-63",1.0545,"Lamwo","2021","North"
"757","LAM-06-64",1.0551,"Lamwo","2021","North"
"758","LAM-06-66",1.9263,"Lamwo","2021","North"
"759","LAM-06-68",1.0966,"Lamwo","2021","North"
"760","LAM-06-70",1.0663,"Lamwo","2021","North"
"761","LAM-06-72",1.0477,"Lamwo","2021","North"
"762","LAM-06-73",1.1313,"Lamwo","2021","North"
"763","LAM-06-74",1.1692,"Lamwo","2021","North"
"764","LAM-06-75",1.0344,"Lamwo","2021","North"
"765","LAM-06-76",1.0608,"Lamwo","2021","North"
"766","LAM-06-82",1.0396,"Lamwo","2021","North"
"767","LAM-06-84",1.0356,"Lamwo","2021","North"
"768","LAM-06-92",1.0176,"Lamwo","2021","North"
"769","LAM-06-94",1.7035,"Lamwo","2021","North"
"770","LAM-06-95",1.0912,"Lamwo","2021","North"
"771","MU-06-07",1.0076,"Mubende","2021","Central"
"772","MU-06-08",1.3193,"Mubende","2021","Central"
"773","MU-06-12",1.0348,"Mubende","2021","Central"
"774","MU-06-13",1.0653,"Mubende","2021","Central"
"775","MU-06-41",1.0225,"Mubende","2021","Central"
"776","MU-06-56",1.015,"Mubende","2021","Central"
"777","MU-06-60",1.4227,"Mubende","2021","Central"
"778","MU-06-66",1.0452,"Mubende","2021","Central"
"779","MU-06-71",1.062,"Mubende","2021","Central"
"780","MU-06-81",1.1101,"Mubende","2021","Central"
"781","MU-06-83",1.0128,"Mubende","2021","Central"
"782","MU-06-86",1.0324,"Mubende","2021","Central"
"783","TO-06-01",1.4452,"Tororo","2021","East"
"784","TO-06-02",1.035,"Tororo","2021","East"
"785","TO-06-03",1.0222,"Tororo","2021","East"
"786","TO-06-06",1.0331,"Tororo","2021","East"
"787","TO-06-09",1.062,"Tororo","2021","East"
"788","TO-06-10",1.2934,"Tororo","2021","East"
"789","TO-06-12",1.0364,"Tororo","2021","East"
"790","TO-06-13",1.3494,"Tororo","2021","East"
"791","TO-06-14",1.2529,"Tororo","2021","East"
"792","TO-06-17",2.0319,"Tororo","2021","East"
"793","TO-06-18",1.4369,"Tororo","2021","East"
"794","TO-06-19",1.2543,"Tororo","2021","East"
"795","TO-06-20",1.0259,"Tororo","2021","East"
"796","TO-06-21",1.0312,"Tororo","2021","East"
"797","TO-06-24",1.2274,"Tororo","2021","East"
"798","TO-06-25",1.3814,"Tororo","2021","East"
"799","TO-06-31",1.0318,"Tororo","2021","East"
"800","TO-06-35",1.0592,"Tororo","2021","East"
"801","TO-06-37",1.2075,"Tororo","2021","East"
"802","TO-06-38",1.1542,"Tororo","2021","East"
"803","TO-06-40",1.0226,"Tororo","2021","East"
"804","TO-06-41",1.0058,"Tororo","2021","East"
"805","TO-06-45",1.1513,"Tororo","2021","East"
"806","TO-06-53",1.0352,"Tororo","2021","East"
"807","TO-06-57",1.0274,"Tororo","2021","East"
"808","TO-06-59",1.2656,"Tororo","2021","East"
"809","TO-06-60",1.1594,"Tororo","2021","East"
"810","TO-06-61",1.1239,"Tororo","2021","East"
"811","TO-06-62",1.0505,"Tororo","2021","East"
"812","TO-06-65",1.0178,"Tororo","2021","East"
"813","TO-06-67",1.3504,"Tororo","2021","East"
"814","TO-06-68",1.05,"Tororo","2021","East"
"815","TO-06-69",1.0302,"Tororo","2021","East"
"816","TO-06-73",1.1201,"Tororo","2021","East"
"817","TO-06-76",1.4496,"Tororo","2021","East"
"818","TO-06-83",1.0236,"Tororo","2021","East"
"819","TO-06-85",1.1225,"Tororo","2021","East"
"820","TO-06-86",1.9331,"Tororo","2021","East"
"821","TO-06-89",1.0283,"Tororo","2021","East"
"822","TO-06-91",1.5594,"Tororo","2021","East"
"823","TO-06-93",1.0605,"Tororo","2021","East"
"824","TO-06-95",1.2244,"Tororo","2021","East"
"825","TO-06-98",1.955,"Tororo","2021","East"
"826","AG-00-01",1.2796,"Agago","2016","North"
"827","AG-00-02",1.7974,"Agago","2016","North"
"828","AG-00-05",1.0574,"Agago","2016","North"
"829","AG-00-06",2.367,"Agago","2016","North"
"830","AG-00-07",1.6516,"Agago","2016","North"
"831","AG-00-12",1.0648,"Agago","2016","North"
"832","AG-00-13",1.2351,"Agago","2016","North"
"833","AG-00-14",1.0785,"Agago","2016","North"
"834","AG-00-15",1.4052,"Agago","2016","North"
"835","AG-00-16",1.8817,"Agago","2016","North"
"836","AG-00-17",3.3183,"Agago","2016","North"
"837","AG-00-18",2.1097,"Agago","2016","North"
"838","AG-00-20",1.2395,"Agago","2016","North"
"839","AG-00-21",1.1781,"Agago","2016","North"
"840","AG-00-23",1.0862,"Agago","2016","North"
"841","AG-00-24",1.0304,"Agago","2016","North"
"842","AG-00-27",1.3332,"Agago","2016","North"
"843","AG-00-29",1.0611,"Agago","2016","North"
"844","AG-00-30",2.9938,"Agago","2016","North"
"845","AG-00-31",1.9946,"Agago","2016","North"
"846","AG-00-32",1.9053,"Agago","2016","North"
"847","AG-00-33",1.0473,"Agago","2016","North"
"848","AG-00-35",1.1017,"Agago","2016","North"
"849","AG-00-38",3.0472,"Agago","2016","North"
"850","AG-00-39",2.0851,"Agago","2016","North"
"851","AG-00-41",1.0367,"Agago","2016","North"
"852","AG-00-42",3.278,"Agago","2016","North"
"853","AG-00-43",1.0532,"Agago","2016","North"
"854","AG-00-44",2.1877,"Agago","2016","North"
"855","AG-00-45",1.1507,"Agago","2016","North"
"856","AG-02-03",1.9417,"Agago","2017","North"
"857","AG-02-04",1.0987,"Agago","2017","North"
"858","AG-02-06",1.0913,"Agago","2017","North"
"859","AG-02-07",1.6209,"Agago","2017","North"
"860","AG-02-12",1.7812,"Agago","2017","North"
"861","AG-02-15",1.0293,"Agago","2017","North"
"862","AG-02-16",1.1036,"Agago","2017","North"
"863","AG-02-20",1.2735,"Agago","2017","North"
"864","AG-02-21",1.0721,"Agago","2017","North"
"865","AG-02-22",2.1978,"Agago","2017","North"
"866","AG-02-24",1.0145,"Agago","2017","North"
"867","AG-02-25",1.7279,"Agago","2017","North"
"868","AG-02-26",1.4813,"Agago","2017","North"
"869","AG-02-27",2.7577,"Agago","2017","North"
"870","AG-02-28",1.667,"Agago","2017","North"
"871","AG-02-30",1.1792,"Agago","2017","North"
"872","AG-02-31",1.9844,"Agago","2017","North"
"873","AG-02-32",1.8961,"Agago","2017","North"
"874","AG-02-34",1.0178,"Agago","2017","North"
"875","AG-02-36",1.8037,"Agago","2017","North"
"876","AG-02-37",1.0787,"Agago","2017","North"
"877","AG-02-38",1.2794,"Agago","2017","North"
"878","AG-02-39",1.087,"Agago","2017","North"
"879","AG-02-40",2.1307,"Agago","2017","North"
"880","AG-02-44",3.7391,"Agago","2017","North"
"881","AG-02-45",1.7281,"Agago","2017","North"
"882","AG-02-48",1.253,"Agago","2017","North"
"883","AG-02-50",1.6008,"Agago","2017","North"
"884","AG-05-01",1.0225,"Agago","2020","North"
"885","AG-05-02",1.1517,"Agago","2020","North"
"886","AG-05-03",1.8569,"Agago","2020","North"
"887","AG-05-05",3.7745,"Agago","2020","North"
"888","AG-05-07",3.0302,"Agago","2020","North"
"889","AG-05-08",1.1956,"Agago","2020","North"
"890","AG-05-09",1.2613,"Agago","2020","North"
"891","AG-05-10",2.8597,"Agago","2020","North"
"892","AG-05-12",1.2786,"Agago","2020","North"
"893","AG-05-13",1.0294,"Agago","2020","North"
"894","AG-05-15",1.1858,"Agago","2020","North"
"895","AG-05-16",1.1265,"Agago","2020","North"
"896","AG-05-19",3.5217,"Agago","2020","North"
"897","AG-05-22",1.0529,"Agago","2020","North"
"898","AG-05-24",1.0344,"Agago","2020","North"
"899","AG-05-25",1.011,"Agago","2020","North"
"900","AG-05-27",1.0669,"Agago","2020","North"
"901","AG-05-28",1.1703,"Agago","2020","North"
"902","AG-05-30",1.0409,"Agago","2020","North"
"903","AG-05-31",3.0017,"Agago","2020","North"
"904","AG-05-32",1.9732,"Agago","2020","North"
"905","AG-05-33",1.376,"Agago","2020","North"
"906","AG-05-36",2.3945,"Agago","2020","North"
"907","AG-05-37",1.7724,"Agago","2020","North"
"908","AG-05-38",2.2665,"Agago","2020","North"
"909","AG-05-41",1.0369,"Agago","2020","North"
"910","AG-05-43",1.0311,"Agago","2020","North"
"911","AG-05-44",1.033,"Agago","2020","North"
"912","AG-05-45",1.7192,"Agago","2020","North"
"913","AG-05-46",1.7639,"Agago","2020","North"
"914","AG-05-47",1.0336,"Agago","2020","North"
"915","AG-05-49",1.1985,"Agago","2020","North"
"916","AG-05-50",2.4885,"Agago","2020","North"
"917","AG-05-51",2.717,"Agago","2020","North"
"918","AG-05-53",1.8801,"Agago","2020","North"
"919","AG-05-54",2.6225,"Agago","2020","North"
"920","AG-05-56",1.0903,"Agago","2020","North"
"921","AG-05-57",1.0194,"Agago","2020","North"
"922","AG-05-58",1.0285,"Agago","2020","North"
"923","AG-05-59",1.2614,"Agago","2020","North"
"924","AG-05-60",1.048,"Agago","2020","North"
"925","AG-05-62",1.0295,"Agago","2020","North"
"926","AG-05-65",2.149,"Agago","2020","North"
"927","AG-05-66",1.0639,"Agago","2020","North"
"928","AG-05-67",1.4379,"Agago","2020","North"
"929","AG-05-71",1.3633,"Agago","2020","North"
"930","AG-05-72",1.818,"Agago","2020","North"
"931","AG-05-76",1.2042,"Agago","2020","North"
"932","AG-05-81",1.0504,"Agago","2020","North"
"933","AG-05-82",1.0807,"Agago","2020","North"
"934","AG-05-85",2.0835,"Agago","2020","North"
"935","AG-05-87",1.6405,"Agago","2020","North"
"936","AG-05-89",1.0066,"Agago","2020","North"
"937","AG-05-90",1.9385,"Agago","2020","North"
"938","AG-05-91",1.2449,"Agago","2020","North"
"939","AG-06-02",1.0852,"Agago","2021","North"
"940","AG-06-05",1.2695,"Agago","2021","North"
"941","AG-06-29",1.109,"Agago","2021","North"
"942","AG-06-37",1.0374,"Agago","2021","North"
"943","AG-06-53",1.0045,"Agago","2021","North"
"944","AG-06-66",1.18,"Agago","2021","North"
"945","AG-06-82",1.1815,"Agago","2021","North"
"946","AG-06-86",1.2282,"Agago","2021","North"
"947","AG-06-90",1.1548,"Agago","2021","North"
"948","AG-06-91",1.061,"Agago","2021","North"
"949","AG-07-01",2.4207,"Agago","2022","North"
"950","AG-07-03",1,"Agago","2022","North"
"951","AG-07-06",1.0331,"Agago","2022","North"
"952","AG-07-08",1.8255,"Agago","2022","North"
"953","AG-07-10",1.0306,"Agago","2022","North"
"954","AG-07-11",1.6605,"Agago","2022","North"
"955","AG-07-18",1.033,"Agago","2022","North"
"956","AG-07-20",1.0434,"Agago","2022","North"
"957","AG-07-21",1.9889,"Agago","2022","North"
"958","AG-07-27",1.0255,"Agago","2022","North"
"959","AG-07-31",1.2109,"Agago","2022","North"
"960","AG-07-32",1.0666,"Agago","2022","North"
"961","AG-07-34",1.7929,"Agago","2022","North"
"962","AG-07-35",1.5734,"Agago","2022","North"
"963","AG-07-36",1.0463,"Agago","2022","North"
"964","AG-07-42",1.2562,"Agago","2022","North"
"965","AG-07-43",1.0166,"Agago","2022","North"
"966","AG-07-45",1.1241,"Agago","2022","North"
"967","AG-07-46",1.0619,"Agago","2022","North"
"968","AG-07-52",1.351,"Agago","2022","North"
"969","AG-07-54",2.8828,"Agago","2022","North"
"970","AG-07-55",1.2034,"Agago","2022","North"
"971","AG-07-57",1.0358,"Agago","2022","North"
"972","AG-07-60",1.3332,"Agago","2022","North"
"973","AG-07-61",2.1155,"Agago","2022","North"
"974","AG-07-63",1.4833,"Agago","2022","North"
"975","AG-07-64",1.0282,"Agago","2022","North"
"976","AG-07-65",1.0428,"Agago","2022","North"
"977","AG-07-67",1.2003,"Agago","2022","North"
"978","AG-07-69",1.3328,"Agago","2022","North"
"979","AG-07-70",1.2216,"Agago","2022","North"
"980","AG-07-72",1.1859,"Agago","2022","North"
"981","AG-07-75",1.5072,"Agago","2022","North"
"982","AG-07-76",1.0399,"Agago","2022","North"
"983","AG-07-77",1.0365,"Agago","2022","North"
"984","AG-07-78",1.6267,"Agago","2022","North"
"985","AG-07-79",1.8172,"Agago","2022","North"
"986","AG-07-80",1.347,"Agago","2022","North"
"987","AG-07-81",1.1944,"Agago","2022","North"
"988","AG-07-82",1.0198,"Agago","2022","North"
"989","AG-07-85",1.3541,"Agago","2022","North"
"990","AG-07-86",1.24,"Agago","2022","North"
"991","AG-07-87",1.4242,"Agago","2022","North"
"992","AG-07-90",1.5424,"Agago","2022","North"
"993","AG-07-94",1.7687,"Agago","2022","North"
"994","AG-07-95",1.4916,"Agago","2022","North"
"995","AG-07-96",1.0316,"Agago","2022","North"
"996","AG-07-98",1.0416,"Agago","2022","North"
"997","AG-07-99",1.1553,"Agago","2022","North"
"998","AM-00-01",1.003,"Amolatar","2016","North"
"999","AM-00-02",1.0121,"Amolatar","2016","North"
"1000","AM-00-03",1.0121,"Amolatar","2016","North"
"1001","AM-00-04",1.1875,"Amolatar","2016","North"
"1002","AM-00-05",1.0281,"Amolatar","2016","North"
"1003","AM-00-06",1.0395,"Amolatar","2016","North"
"1004","AM-00-07",1.0172,"Amolatar","2016","North"
"1005","AM-00-12",1.0339,"Amolatar","2016","North"
"1006","AM-00-13",1.0186,"Amolatar","2016","North"
"1007","AM-00-17",1.0456,"Amolatar","2016","North"
"1008","AM-00-18",1.0168,"Amolatar","2016","North"
"1009","AM-00-22",1.0144,"Amolatar","2016","North"
"1010","AM-00-24",1.0263,"Amolatar","2016","North"
"1011","AM-00-25",1.042,"Amolatar","2016","North"
"1012","AM-00-26",1.0222,"Amolatar","2016","North"
"1013","AM-00-29",1.0044,"Amolatar","2016","North"
"1014","AM-00-30",1.0233,"Amolatar","2016","North"
"1015","AM-00-36",1.0302,"Amolatar","2016","North"
"1016","AM-00-37",1.0469,"Amolatar","2016","North"
"1017","AM-00-38",1.0427,"Amolatar","2016","North"
"1018","AM-00-40",1.0439,"Amolatar","2016","North"
"1019","AM-00-41",1.0202,"Amolatar","2016","North"
"1020","AM-00-42",1.0447,"Amolatar","2016","North"
"1021","AM-00-43",1.0486,"Amolatar","2016","North"
"1022","AM-00-45",1.0257,"Amolatar","2016","North"
"1023","AM-00-46",1.0343,"Amolatar","2016","North"
"1024","AM-00-47",1.0107,"Amolatar","2016","North"
"1025","AM-00-48",1.0413,"Amolatar","2016","North"
"1026","AM-00-50",1.0169,"Amolatar","2016","North"
"1027","AM-00-53",1.0212,"Amolatar","2016","North"
"1028","AM-00-54",1.0157,"Amolatar","2016","North"
"1029","AM-02-01",1.6548,"Amolatar","2017","North"
"1030","AM-02-02",1.3705,"Amolatar","2017","North"
"1031","AM-02-03",1.5841,"Amolatar","2017","North"
"1032","AM-02-04",2.0975,"Amolatar","2017","North"
"1033","AM-02-05",1.2796,"Amolatar","2017","North"
"1034","AM-02-06",1.1157,"Amolatar","2017","North"
"1035","AM-02-07",1.2796,"Amolatar","2017","North"
"1036","AM-02-09",1.0022,"Amolatar","2017","North"
"1037","AM-02-11",1.6163,"Amolatar","2017","North"
"1038","AM-02-12",1.1491,"Amolatar","2017","North"
"1039","AM-02-13",1.0499,"Amolatar","2017","North"
"1040","AM-02-16",1.1586,"Amolatar","2017","North"
"1041","AM-02-18",1.2612,"Amolatar","2017","North"
"1042","AM-02-19",1.5686,"Amolatar","2017","North"
"1043","AM-02-20",1.8503,"Amolatar","2017","North"
"1044","AM-02-21",1.3101,"Amolatar","2017","North"
"1045","AM-02-24",1.4233,"Amolatar","2017","North"
"1046","AM-02-33",1.2156,"Amolatar","2017","North"
"1047","AM-02-34",1.7684,"Amolatar","2017","North"
"1048","AM-02-35",1.8154,"Amolatar","2017","North"
"1049","AM-02-36",1.0291,"Amolatar","2017","North"
"1050","AM-02-37",1.2161,"Amolatar","2017","North"
"1051","AM-02-38",1.8729,"Amolatar","2017","North"
"1052","AM-02-39",1.1333,"Amolatar","2017","North"
"1053","AM-02-40",1.852,"Amolatar","2017","North"
"1054","AM-02-42",1.0601,"Amolatar","2017","North"
"1055","AM-02-43",1.5388,"Amolatar","2017","North"
"1056","AM-02-44",1.363,"Amolatar","2017","North"
"1057","AM-02-45",1.1483,"Amolatar","2017","North"
"1058","AM-02-46",1.9108,"Amolatar","2017","North"
"1059","AM-02-47",1.1309,"Amolatar","2017","North"
"1060","AM-02-48",1.5518,"Amolatar","2017","North"
"1061","AM-02-49",1.8466,"Amolatar","2017","North"
"1062","AM-02-50",2.2199,"Amolatar","2017","North"
"1063","AM-05-02",1.0118,"Amolatar","2020","North"
"1064","AM-05-10",1.4052,"Amolatar","2020","North"
"1065","AM-05-15",1.0295,"Amolatar","2020","North"
"1066","AM-05-16",1.0308,"Amolatar","2020","North"
"1067","AM-05-18",1.1395,"Amolatar","2020","North"
"1068","AM-05-19",1.2451,"Amolatar","2020","North"
"1069","AM-05-20",1.3304,"Amolatar","2020","North"
"1070","AM-05-22",1.3611,"Amolatar","2020","North"
"1071","AM-05-30",1.0502,"Amolatar","2020","North"
"1072","AM-05-32",1.0416,"Amolatar","2020","North"
"1073","AM-05-34",1.2363,"Amolatar","2020","North"
"1074","AM-05-35",1.1489,"Amolatar","2020","North"
"1075","AM-05-36",1.1186,"Amolatar","2020","North"
"1076","AM-05-37",1.3929,"Amolatar","2020","North"
"1077","AM-05-40",1.3074,"Amolatar","2020","North"
"1078","AM-05-41",1.125,"Amolatar","2020","North"
"1079","AM-05-43",1.0509,"Amolatar","2020","North"
"1080","AM-05-46",1.0539,"Amolatar","2020","North"
"1081","AM-05-53",1.0806,"Amolatar","2020","North"
"1082","AM-05-54",1.0984,"Amolatar","2020","North"
"1083","AM-05-55",1.0908,"Amolatar","2020","North"
"1084","AM-05-59",1.1149,"Amolatar","2020","North"
"1085","AM-05-60",1.2842,"Amolatar","2020","North"
"1086","AM-05-61",1.0463,"Amolatar","2020","North"
"1087","AM-05-62",1.1844,"Amolatar","2020","North"
"1088","AM-05-63",1.0494,"Amolatar","2020","North"
"1089","AM-05-64",1.0339,"Amolatar","2020","North"
"1090","AM-05-65",1.0365,"Amolatar","2020","North"
"1091","AM-05-66",1.0395,"Amolatar","2020","North"
"1092","AM-05-67",1.2186,"Amolatar","2020","North"
"1093","AM-05-68",1.0475,"Amolatar","2020","North"
"1094","AM-05-69",1.0282,"Amolatar","2020","North"
"1095","AM-05-70",1.2209,"Amolatar","2020","North"
"1096","AM-05-71",1.0446,"Amolatar","2020","North"
"1097","AM-05-72",1.3476,"Amolatar","2020","North"
"1098","AM-05-73",1.046,"Amolatar","2020","North"
"1099","AM-05-74",1.4171,"Amolatar","2020","North"
"1100","AM-05-75",1.4046,"Amolatar","2020","North"
"1101","AM-05-76",1.049,"Amolatar","2020","North"
"1102","AM-05-77",1.041,"Amolatar","2020","North"
"1103","AM-05-78",1.9172,"Amolatar","2020","North"
"1104","AM-05-79",1.5034,"Amolatar","2020","North"
"1105","AM-05-80",1.0439,"Amolatar","2020","North"
"1106","AM-05-81",1.5631,"Amolatar","2020","North"
"1107","AM-05-82",1.2331,"Amolatar","2020","North"
"1108","AM-05-83",1.0352,"Amolatar","2020","North"
"1109","AM-05-84",1.0593,"Amolatar","2020","North"
"1110","AM-05-85",1.046,"Amolatar","2020","North"
"1111","AM-05-86",1.2517,"Amolatar","2020","North"
"1112","AM-06-02",1.0365,"Amolatar","2021","North"
"1113","AM-06-22",1.1385,"Amolatar","2021","North"
"1114","AM-06-60",1.2215,"Amolatar","2021","North"
"1115","AM-07-100",1.0363,"Amolatar","2022","North"
"1116","AM-07-81",1.0192,"Amolatar","2022","North"
"1117","AM-07-82",1.0088,"Amolatar","2022","North"
"1118","AM-07-83",1.0255,"Amolatar","2022","North"
"1119","AM-07-84",1.0139,"Amolatar","2022","North"
"1120","AM-07-85",1.0259,"Amolatar","2022","North"
"1121","AM-07-87",1.0213,"Amolatar","2022","North"
"1122","AM-07-88",1.0252,"Amolatar","2022","North"
"1123","AM-07-89",1.0081,"Amolatar","2022","North"
"1124","AM-07-90",1.0111,"Amolatar","2022","North"
"1125","AM-07-93",1.009,"Amolatar","2022","North"
"1126","AM-07-95",1.0217,"Amolatar","2022","North"
"1127","AM-07-96",1.0045,"Amolatar","2022","North"
"1128","AM-07-97",1.0201,"Amolatar","2022","North"
"1129","AM-07-98",1.014,"Amolatar","2022","North"
"1130","AM-07-99",1.0302,"Amolatar","2022","North"
"1131","AR-00-02",1.8492,"Arua","2016","N.West"
"1132","AR-00-03",3.1846,"Arua","2016","N.West"
"1133","AR-00-07",1.1136,"Arua","2016","N.West"
"1134","AR-00-08",1.2482,"Arua","2016","N.West"
"1135","AR-00-09",1.0722,"Arua","2016","N.West"
"1136","AR-00-11",2.4014,"Arua","2016","N.West"
"1137","AR-00-15",1.3643,"Arua","2016","N.West"
"1138","AR-00-19",2.6964,"Arua","2016","N.West"
"1139","AR-00-20",1.0363,"Arua","2016","N.West"
"1140","AR-00-21",1.0398,"Arua","2016","N.West"
"1141","AR-00-22",2.4444,"Arua","2016","N.West"
"1142","AR-00-23",1.059,"Arua","2016","N.West"
"1143","AR-00-26",1.6949,"Arua","2016","N.West"
"1144","AR-00-27",1.3726,"Arua","2016","N.West"
"1145","AR-00-29",1.0694,"Arua","2016","N.West"
"1146","AR-00-31",1.8278,"Arua","2016","N.West"
"1147","AR-00-32",1.7512,"Arua","2016","N.West"
"1148","AR-00-33",1.0509,"Arua","2016","N.West"
"1149","AR-00-34",1.0428,"Arua","2016","N.West"
"1150","AR-00-35",1.0098,"Arua","2016","N.West"
"1151","AR-00-37",1.2374,"Arua","2016","N.West"
"1152","AR-00-38",1.0362,"Arua","2016","N.West"
"1153","AR-00-39",1.412,"Arua","2016","N.West"
"1154","AR-00-42",1.546,"Arua","2016","N.West"
"1155","AR-00-43",1.4929,"Arua","2016","N.West"
"1156","AR-00-45",1.3184,"Arua","2016","N.West"
"1157","AR-00-46",1.0153,"Arua","2016","N.West"
"1158","AR-00-48",1.1107,"Arua","2016","N.West"
"1159","AR-00-49",2.3514,"Arua","2016","N.West"
"1160","AR-00-50",1.9153,"Arua","2016","N.West"
"1161","AR-02-01",2.5321,"Arua","2017","N.West"
"1162","AR-02-02",1.2937,"Arua","2017","N.West"
"1163","AR-02-03",1.2468,"Arua","2017","N.West"
"1164","AR-02-04",1.0371,"Arua","2017","N.West"
"1165","AR-02-05",1.0524,"Arua","2017","N.West"
"1166","AR-02-06",2.5164,"Arua","2017","N.West"
"1167","AR-02-07",1.0348,"Arua","2017","N.West"
"1168","AR-02-08",1.5309,"Arua","2017","N.West"
"1169","AR-02-09",4.1833,"Arua","2017","N.West"
"1170","AR-02-10",1.7791,"Arua","2017","N.West"
"1171","AR-02-11",1.9535,"Arua","2017","N.West"
"1172","AR-02-12",1.1004,"Arua","2017","N.West"
"1173","AR-02-13",1.4603,"Arua","2017","N.West"
"1174","AR-02-14",2.6424,"Arua","2017","N.West"
"1175","AR-02-15",1.5425,"Arua","2017","N.West"
"1176","AR-02-17",1.2202,"Arua","2017","N.West"
"1177","AR-02-19",2.2837,"Arua","2017","N.West"
"1178","AR-02-20",1.2659,"Arua","2017","N.West"
"1179","AR-02-21",1.9631,"Arua","2017","N.West"
"1180","AR-02-23",2.641,"Arua","2017","N.West"
"1181","AR-02-24",2.0464,"Arua","2017","N.West"
"1182","AR-02-28",1.4993,"Arua","2017","N.West"
"1183","AR-02-29",1.4805,"Arua","2017","N.West"
"1184","AR-02-30",1.2682,"Arua","2017","N.West"
"1185","AR-02-33",1.0785,"Arua","2017","N.West"
"1186","AR-02-34",2.2409,"Arua","2017","N.West"
"1187","AR-02-35",1.5087,"Arua","2017","N.West"
"1188","AR-02-36",1.6783,"Arua","2017","N.West"
"1189","AR-02-37",1.0968,"Arua","2017","N.West"
"1190","AR-02-41",3.4546,"Arua","2017","N.West"
"1191","AR-02-42",2.4641,"Arua","2017","N.West"
"1192","AR-02-43",1.5936,"Arua","2017","N.West"
"1193","AR-02-44",2.885,"Arua","2017","N.West"
"1194","AR-02-45",1.0563,"Arua","2017","N.West"
"1195","AR-02-46",1.4585,"Arua","2017","N.West"
"1196","AR-02-50",1.3332,"Arua","2017","N.West"
"1197","AR-05-02",1.1574,"Arua","2020","N.West"
"1198","AR-05-04",2.8807,"Arua","2020","N.West"
"1199","AR-05-07",1.6482,"Arua","2020","N.West"
"1200","AR-05-100",1.0435,"Arua","2020","N.West"
"1201","AR-05-12",1.0332,"Arua","2020","N.West"
"1202","AR-05-13",1.5472,"Arua","2020","N.West"
"1203","AR-05-14",1.0417,"Arua","2020","N.West"
"1204","AR-05-15",1.0519,"Arua","2020","N.West"
"1205","AR-05-18",1.6497,"Arua","2020","N.West"
"1206","AR-05-19",1.0382,"Arua","2020","N.West"
"1207","AR-05-20",1.5444,"Arua","2020","N.West"
"1208","AR-05-21",1.4633,"Arua","2020","N.West"
"1209","AR-05-22",1.0345,"Arua","2020","N.West"
"1210","AR-05-23",1.0307,"Arua","2020","N.West"
"1211","AR-05-26",1.4105,"Arua","2020","N.West"
"1212","AR-05-32",1.0236,"Arua","2020","N.West"
"1213","AR-05-33",1.0261,"Arua","2020","N.West"
"1214","AR-05-42",1.0995,"Arua","2020","N.West"
"1215","AR-05-43",1.0396,"Arua","2020","N.West"
"1216","AR-05-46",1.1123,"Arua","2020","N.West"
"1217","AR-05-51",1.8515,"Arua","2020","N.West"
"1218","AR-05-52",1.0464,"Arua","2020","N.West"
"1219","AR-05-53",1.3162,"Arua","2020","N.West"
"1220","AR-05-54",1.0272,"Arua","2020","N.West"
"1221","AR-05-55",1.3506,"Arua","2020","N.West"
"1222","AR-05-56",1.0637,"Arua","2020","N.West"
"1223","AR-05-57",1.042,"Arua","2020","N.West"
"1224","AR-05-59",2.2799,"Arua","2020","N.West"
"1225","AR-05-60",1.0128,"Arua","2020","N.West"
"1226","AR-05-61",1.4026,"Arua","2020","N.West"
"1227","AR-05-62",1.0402,"Arua","2020","N.West"
"1228","AR-05-63",1.0231,"Arua","2020","N.West"
"1229","AR-05-64",1.6641,"Arua","2020","N.West"
"1230","AR-05-65",1.0229,"Arua","2020","N.West"
"1231","AR-05-66",1.0397,"Arua","2020","N.West"
"1232","AR-05-67",1.0211,"Arua","2020","N.West"
"1233","AR-05-68",1.0591,"Arua","2020","N.West"
"1234","AR-05-69",1.0435,"Arua","2020","N.West"
"1235","AR-05-70",3.9298,"Arua","2020","N.West"
"1236","AR-05-73",2,"Arua","2020","N.West"
"1237","AR-05-74",1.146,"Arua","2020","N.West"
"1238","AR-05-78",1.7436,"Arua","2020","N.West"
"1239","AR-05-80",2.3534,"Arua","2020","N.West"
"1240","AR-05-81",1.2214,"Arua","2020","N.West"
"1241","AR-05-82",1.32,"Arua","2020","N.West"
"1242","AR-05-83",1.0309,"Arua","2020","N.West"
"1243","AR-05-90",1.0974,"Arua","2020","N.West"
"1244","AR-05-92",1.9464,"Arua","2020","N.West"
"1245","AR-05-93",1.1399,"Arua","2020","N.West"
"1246","AR-05-95",1.0239,"Arua","2020","N.West"
"1247","AR-05-96",1.575,"Arua","2020","N.West"
"1248","AR-05-97",1.0394,"Arua","2020","N.West"
"1249","AR-05-98",1.0362,"Arua","2020","N.West"
"1250","AR-06-06",1.1185,"Arua","2021","N.West"
"1251","AR-06-08",1.0917,"Arua","2021","N.West"
"1252","AR-06-100",1.2029,"Arua","2021","N.West"
"1253","AR-06-12",1.0016,"Arua","2021","N.West"
"1254","AR-06-13",1.307,"Arua","2021","N.West"
"1255","AR-06-18",1.0312,"Arua","2021","N.West"
"1256","AR-06-28",1.018,"Arua","2021","N.West"
"1257","AR-06-32",1.0319,"Arua","2021","N.West"
"1258","AR-06-42",1.2312,"Arua","2021","N.West"
"1259","AR-06-64",1.0106,"Arua","2021","N.West"
"1260","AR-06-71",1.0212,"Arua","2021","N.West"
"1261","AR-06-93",1.0132,"Arua","2021","N.West"
"1262","AR-06-95",1.1193,"Arua","2021","N.West"
"1263","AR-07-01",1.9569,"Arua","2022","N.West"
"1264","AR-07-02",1.5169,"Arua","2022","N.West"
"1265","AR-07-03",1.9699,"Arua","2022","N.West"
"1266","AR-07-05",1.0284,"Arua","2022","N.West"
"1267","AR-07-06",1.1674,"Arua","2022","N.West"
"1268","AR-07-09",1.2177,"Arua","2022","N.West"
"1269","AR-07-10",1.0952,"Arua","2022","N.West"
"1270","AR-07-100",1.0982,"Arua","2022","N.West"
"1271","AR-07-13",1.7561,"Arua","2022","N.West"
"1272","AR-07-14",1.0489,"Arua","2022","N.West"
"1273","AR-07-15",1.1221,"Arua","2022","N.West"
"1274","AR-07-21",1.1511,"Arua","2022","N.West"
"1275","AR-07-25",1.1328,"Arua","2022","N.West"
"1276","AR-07-26",1.9796,"Arua","2022","N.West"
"1277","AR-07-27",2.01,"Arua","2022","N.West"
"1278","AR-07-29",2.5527,"Arua","2022","N.West"
"1279","AR-07-30",2.0854,"Arua","2022","N.West"
"1280","AR-07-32",1.5875,"Arua","2022","N.West"
"1281","AR-07-33",1.142,"Arua","2022","N.West"
"1282","AR-07-34",1.8032,"Arua","2022","N.West"
"1283","AR-07-35",1.7553,"Arua","2022","N.West"
"1284","AR-07-36",1.2248,"Arua","2022","N.West"
"1285","AR-07-38",1.0453,"Arua","2022","N.West"
"1286","AR-07-39",1.1602,"Arua","2022","N.West"
"1287","AR-07-40",1.1338,"Arua","2022","N.West"
"1288","AR-07-41",2.8718,"Arua","2022","N.West"
"1289","AR-07-42",2.74,"Arua","2022","N.West"
"1290","AR-07-43",1.0165,"Arua","2022","N.West"
"1291","AR-07-44",2.1598,"Arua","2022","N.West"
"1292","AR-07-45",1.1424,"Arua","2022","N.West"
"1293","AR-07-46",1.0968,"Arua","2022","N.West"
"1294","AR-07-47",1.0334,"Arua","2022","N.West"
"1295","AR-07-48",1.2022,"Arua","2022","N.West"
"1296","AR-07-49",2.0748,"Arua","2022","N.West"
"1297","AR-07-50",1.0856,"Arua","2022","N.West"
"1298","AR-07-51",1.1246,"Arua","2022","N.West"
"1299","AR-07-52",1.0374,"Arua","2022","N.West"
"1300","AR-07-53",1.2272,"Arua","2022","N.West"
"1301","AR-07-54",1.173,"Arua","2022","N.West"
"1302","AR-07-55",1.195,"Arua","2022","N.West"
"1303","AR-07-58",2.1317,"Arua","2022","N.West"
"1304","AR-07-59",1.2929,"Arua","2022","N.West"
"1305","AR-07-61",1.0755,"Arua","2022","N.West"
"1306","AR-07-62",2.1437,"Arua","2022","N.West"
"1307","AR-07-63",1.046,"Arua","2022","N.West"
"1308","AR-07-64",1.9093,"Arua","2022","N.West"
"1309","AR-07-65",1.0529,"Arua","2022","N.West"
"1310","AR-07-66",1.3668,"Arua","2022","N.West"
"1311","AR-07-67",1.881,"Arua","2022","N.West"
"1312","AR-07-71",1.1401,"Arua","2022","N.West"
"1313","AR-07-72",1.0798,"Arua","2022","N.West"
"1314","AR-07-73",1.0266,"Arua","2022","N.West"
"1315","AR-07-75",1.0487,"Arua","2022","N.West"
"1316","AR-07-77",1.0362,"Arua","2022","N.West"
"1317","AR-07-78",1.2171,"Arua","2022","N.West"
"1318","AR-07-80",1.026,"Arua","2022","N.West"
"1319","AR-07-81",2.0123,"Arua","2022","N.West"
"1320","AR-07-82",1.221,"Arua","2022","N.West"
"1321","AR-07-83",1.0756,"Arua","2022","N.West"
"1322","AR-07-85",1.0381,"Arua","2022","N.West"
"1323","AR-07-86",2.0437,"Arua","2022","N.West"
"1324","AR-07-87",1.1331,"Arua","2022","N.West"
"1325","AR-07-88",1.9087,"Arua","2022","N.West"
"1326","AR-07-89",2.2156,"Arua","2022","N.West"
"1327","AR-07-90",1.0138,"Arua","2022","N.West"
"1328","AR-07-91",1.0155,"Arua","2022","N.West"
"1329","AR-07-93",1.0126,"Arua","2022","N.West"
"1330","AR-07-94",1.0208,"Arua","2022","N.West"
"1331","AR-07-95",1.073,"Arua","2022","N.West"
"1332","AR-07-96",2.0058,"Arua","2022","N.West"
"1333","AR-07-97",1.135,"Arua","2022","N.West"
"1334","AR-07-98",1.2951,"Arua","2022","N.West"
"1335","HO-05-01",1.0291,"Hoima","2020","West"
"1336","HO-05-02",1.0334,"Hoima","2020","West"
"1337","HO-05-03",1.4913,"Hoima","2020","West"
"1338","HO-05-04",1.0456,"Hoima","2020","West"
"1339","HO-05-05",1.0376,"Hoima","2020","West"
"1340","HO-05-06",1.042,"Hoima","2020","West"
"1341","HO-05-07",1.2883,"Hoima","2020","West"
"1342","HO-05-08",1.3986,"Hoima","2020","West"
"1343","HO-05-09",1.0385,"Hoima","2020","West"
"1344","HO-05-10",1.0269,"Hoima","2020","West"
"1345","HO-05-100",1.3334,"Hoima","2020","West"
"1346","HO-05-11",1.0958,"Hoima","2020","West"
"1347","HO-05-12",1.4366,"Hoima","2020","West"
"1348","HO-05-13",1.0342,"Hoima","2020","West"
"1349","HO-05-15",1.4897,"Hoima","2020","West"
"1350","HO-05-16",1.5862,"Hoima","2020","West"
"1351","HO-05-18",1.8162,"Hoima","2020","West"
"1352","HO-05-19",1.0836,"Hoima","2020","West"
"1353","HO-05-20",1.1352,"Hoima","2020","West"
"1354","HO-05-21",2.0508,"Hoima","2020","West"
"1355","HO-05-22",1.1097,"Hoima","2020","West"
"1356","HO-05-25",1.2552,"Hoima","2020","West"
"1357","HO-05-28",1.1942,"Hoima","2020","West"
"1358","HO-05-29",2.1205,"Hoima","2020","West"
"1359","HO-05-31",2.2001,"Hoima","2020","West"
"1360","HO-05-36",1.536,"Hoima","2020","West"
"1361","HO-05-37",1.0574,"Hoima","2020","West"
"1362","HO-05-38",1.1497,"Hoima","2020","West"
"1363","HO-05-39",1.1873,"Hoima","2020","West"
"1364","HO-05-40",1.1628,"Hoima","2020","West"
"1365","HO-05-41",1.2446,"Hoima","2020","West"
"1366","HO-05-42",1.5321,"Hoima","2020","West"
"1367","HO-05-43",1.1031,"Hoima","2020","West"
"1368","HO-05-44",1.1806,"Hoima","2020","West"
"1369","HO-05-45",1.1434,"Hoima","2020","West"
"1370","HO-05-46",1.1116,"Hoima","2020","West"
"1371","HO-05-47",1.1154,"Hoima","2020","West"
"1372","HO-05-48",1.1793,"Hoima","2020","West"
"1373","HO-05-49",1.0982,"Hoima","2020","West"
"1374","HO-05-50",1.1535,"Hoima","2020","West"
"1375","HO-05-51",1.1989,"Hoima","2020","West"
"1376","HO-05-52",1.2931,"Hoima","2020","West"
"1377","HO-05-53",1.1955,"Hoima","2020","West"
"1378","HO-05-55",1.2645,"Hoima","2020","West"
"1379","HO-05-62",1.3581,"Hoima","2020","West"
"1380","HO-05-63",1.4473,"Hoima","2020","West"
"1381","HO-05-64",1.0973,"Hoima","2020","West"
"1382","HO-05-65",1.0928,"Hoima","2020","West"
"1383","HO-05-66",1.5158,"Hoima","2020","West"
"1384","HO-05-67",1.3341,"Hoima","2020","West"
"1385","HO-05-68",1.1626,"Hoima","2020","West"
"1386","HO-05-69",1.0997,"Hoima","2020","West"
"1387","HO-05-70",1.1471,"Hoima","2020","West"
"1388","HO-05-71",1.1057,"Hoima","2020","West"
"1389","HO-05-72",1.6118,"Hoima","2020","West"
"1390","HO-05-73",1.0515,"Hoima","2020","West"
"1391","HO-05-74",1.1553,"Hoima","2020","West"
"1392","HO-05-75",1.616,"Hoima","2020","West"
"1393","HO-05-76",1.1619,"Hoima","2020","West"
"1394","HO-05-77",1.1002,"Hoima","2020","West"
"1395","HO-05-78",1.6831,"Hoima","2020","West"
"1396","HO-05-79",1.4671,"Hoima","2020","West"
"1397","HO-05-80",1.3784,"Hoima","2020","West"
"1398","HO-05-81",1.3096,"Hoima","2020","West"
"1399","HO-05-82",1.5238,"Hoima","2020","West"
"1400","HO-05-83",1.4555,"Hoima","2020","West"
"1401","HO-05-84",1.5313,"Hoima","2020","West"
"1402","HO-05-85",1.1814,"Hoima","2020","West"
"1403","HO-05-86",1.3045,"Hoima","2020","West"
"1404","HO-05-87",1.3345,"Hoima","2020","West"
"1405","HO-05-88",1.5048,"Hoima","2020","West"
"1406","HO-05-89",1.5409,"Hoima","2020","West"
"1407","HO-05-90",1.3243,"Hoima","2020","West"
"1408","HO-05-91",1.1886,"Hoima","2020","West"
"1409","HO-05-92",1.324,"Hoima","2020","West"
"1410","HO-05-93",1.1102,"Hoima","2020","West"
"1411","HO-05-94",1.0508,"Hoima","2020","West"
"1412","HO-05-95",1.1717,"Hoima","2020","West"
"1413","HO-05-96",1.0798,"Hoima","2020","West"
"1414","HO-05-97",1.1529,"Hoima","2020","West"
"1415","HO-05-98",1.3118,"Hoima","2020","West"
"1416","HO-06-09",1.0471,"Hoima","2021","West"
"1417","HO-06-21",1.0199,"Hoima","2021","West"
"1418","HO-06-33",1.0239,"Hoima","2021","West"
"1419","HO-06-47",1.1425,"Hoima","2021","West"
"1420","HO-06-93",1.0137,"Hoima","2021","West"
"1421","HO-07-02",1.0177,"Hoima","2022","West"
"1422","HO-07-03",1.0269,"Hoima","2022","West"
"1423","HO-07-04",1.0223,"Hoima","2022","West"
"1424","HO-07-06",1.0209,"Hoima","2022","West"
"1425","HO-07-12",3.2725,"Hoima","2022","West"
"1426","HO-07-15",3.0046,"Hoima","2022","West"
"1427","HO-07-16",3.1758,"Hoima","2022","West"
"1428","HO-07-17",3.9575,"Hoima","2022","West"
"1429","HO-07-20",2.9996,"Hoima","2022","West"
"1430","HO-07-24",2.2334,"Hoima","2022","West"
"1431","HO-07-29",1.1081,"Hoima","2022","West"
"1432","HO-07-32",1.2977,"Hoima","2022","West"
"1433","HO-07-33",1.3057,"Hoima","2022","West"
"1434","HO-07-34",1.2974,"Hoima","2022","West"
"1435","HO-07-35",1.3071,"Hoima","2022","West"
"1436","HO-07-36",1.2157,"Hoima","2022","West"
"1437","HO-07-37",1.7878,"Hoima","2022","West"
"1438","HO-07-38",1.0445,"Hoima","2022","West"
"1439","HO-07-39",2.0287,"Hoima","2022","West"
"1440","HO-07-40",1.8516,"Hoima","2022","West"
"1441","HO-07-41",1.0452,"Hoima","2022","West"
"1442","HO-07-43",1.0459,"Hoima","2022","West"
"1443","HO-07-44",1.0438,"Hoima","2022","West"
"1444","HO-07-45",1.0446,"Hoima","2022","West"
"1445","HO-07-46",1.0501,"Hoima","2022","West"
"1446","HO-07-47",1.0362,"Hoima","2022","West"
"1447","HO-07-48",1.2892,"Hoima","2022","West"
"1448","HO-07-49",2.4324,"Hoima","2022","West"
"1449","HO-07-50",1.0507,"Hoima","2022","West"
"1450","HO-07-51",1.0298,"Hoima","2022","West"
"1451","HO-07-52",1.0332,"Hoima","2022","West"
"1452","HO-07-53",2.6056,"Hoima","2022","West"
"1453","HO-07-54",2.4818,"Hoima","2022","West"
"1454","HO-07-55",2.5436,"Hoima","2022","West"
"1455","HO-07-56",2.3663,"Hoima","2022","West"
"1456","HO-07-70",1.0062,"Hoima","2022","West"
"1457","HO-07-71",1.0114,"Hoima","2022","West"
"1458","HO-07-72",1.0233,"Hoima","2022","West"
"1459","HO-07-73",1.0338,"Hoima","2022","West"
"1460","HO-07-75",1.2117,"Hoima","2022","West"
"1461","HO-07-76",1.2183,"Hoima","2022","West"
"1462","HO-07-77",1.2882,"Hoima","2022","West"
"1463","HO-07-78",1.2976,"Hoima","2022","West"
"1464","HO-07-79",1.2407,"Hoima","2022","West"
"1465","HO-07-80",1.2137,"Hoima","2022","West"
"1466","HO-07-81",1.0426,"Hoima","2022","West"
"1467","HO-07-82",1.1897,"Hoima","2022","West"
"1468","HO-07-83",1.2328,"Hoima","2022","West"
"1469","HO-07-84",1.0474,"Hoima","2022","West"
"1470","HO-07-85",1.0113,"Hoima","2022","West"
"1471","HO-07-86",2.6296,"Hoima","2022","West"
"1472","HO-07-87",1.0494,"Hoima","2022","West"
"1473","HO-07-88",1.0558,"Hoima","2022","West"
"1474","HO-07-89",1.2972,"Hoima","2022","West"
"1475","HO-07-90",1.0255,"Hoima","2022","West"
"1476","HO-07-91",1.0183,"Hoima","2022","West"
"1477","HO-07-92",1.0223,"Hoima","2022","West"
"1478","HO-07-93",2.5109,"Hoima","2022","West"
"1479","HO-07-95",1.2918,"Hoima","2022","West"
"1480","HO-07-96",1.019,"Hoima","2022","West"
"1481","JI-00-01",1.0598,"Jinja","2016","E.Central"
"1482","JI-00-02",1.029,"Jinja","2016","E.Central"
"1483","JI-00-04",1.4051,"Jinja","2016","E.Central"
"1484","JI-00-05",2.6121,"Jinja","2016","E.Central"
"1485","JI-00-06",1.0504,"Jinja","2016","E.Central"
"1486","JI-00-08",1.0387,"Jinja","2016","E.Central"
"1487","JI-00-12",1.1085,"Jinja","2016","E.Central"
"1488","JI-00-13",2.183,"Jinja","2016","E.Central"
"1489","JI-00-14",1.0403,"Jinja","2016","E.Central"
"1490","JI-00-15",1.7074,"Jinja","2016","E.Central"
"1491","JI-00-17",3.103,"Jinja","2016","E.Central"
"1492","JI-00-18",1.1556,"Jinja","2016","E.Central"
"1493","JI-00-20",1.0259,"Jinja","2016","E.Central"
"1494","JI-00-21",1.4198,"Jinja","2016","E.Central"
"1495","JI-00-22",1.0407,"Jinja","2016","E.Central"
"1496","JI-00-24",1.034,"Jinja","2016","E.Central"
"1497","JI-00-26",1.0487,"Jinja","2016","E.Central"
"1498","JI-00-29",1.0444,"Jinja","2016","E.Central"
"1499","JI-00-33",2.7454,"Jinja","2016","E.Central"
"1500","JI-00-35",1.9366,"Jinja","2016","E.Central"
"1501","JI-00-36",1.0535,"Jinja","2016","E.Central"
"1502","JI-00-37",1.1541,"Jinja","2016","E.Central"
"1503","JI-00-38",1.6853,"Jinja","2016","E.Central"
"1504","JI-00-39",1.0504,"Jinja","2016","E.Central"
"1505","JI-00-40",1.0669,"Jinja","2016","E.Central"
"1506","JI-00-41",1.5025,"Jinja","2016","E.Central"
"1507","JI-00-42",4.0904,"Jinja","2016","E.Central"
"1508","JI-00-44",1.3036,"Jinja","2016","E.Central"
"1509","JI-00-45",1.7118,"Jinja","2016","E.Central"
"1510","JI-00-48",2.2754,"Jinja","2016","E.Central"
"1511","JI-00-50",1.22,"Jinja","2016","E.Central"
"1512","JI-00-51",1.0233,"Jinja","2016","E.Central"
"1513","JI-02-01",2.5562,"Jinja","2017","E.Central"
"1514","JI-02-02",3.1188,"Jinja","2017","E.Central"
"1515","JI-02-03",1.0483,"Jinja","2017","E.Central"
"1516","JI-02-04",2.5361,"Jinja","2017","E.Central"
"1517","JI-02-09",1.0618,"Jinja","2017","E.Central"
"1518","JI-02-10",1.0686,"Jinja","2017","E.Central"
"1519","JI-02-11",1.1034,"Jinja","2017","E.Central"
"1520","JI-02-12",1.032,"Jinja","2017","E.Central"
"1521","JI-02-13",2.1906,"Jinja","2017","E.Central"
"1522","JI-02-14",2.2262,"Jinja","2017","E.Central"
"1523","JI-02-15",2.1855,"Jinja","2017","E.Central"
"1524","JI-02-16",1.8952,"Jinja","2017","E.Central"
"1525","JI-02-17",4.7613,"Jinja","2017","E.Central"
"1526","JI-02-18",2.0563,"Jinja","2017","E.Central"
"1527","JI-02-19",2.1988,"Jinja","2017","E.Central"
"1528","JI-02-21",1.9285,"Jinja","2017","E.Central"
"1529","JI-02-22",1.4121,"Jinja","2017","E.Central"
"1530","JI-02-25",1.7323,"Jinja","2017","E.Central"
"1531","JI-02-27",3.4634,"Jinja","2017","E.Central"
"1532","JI-02-28",1.0473,"Jinja","2017","E.Central"
"1533","JI-02-29",1.5674,"Jinja","2017","E.Central"
"1534","JI-02-30",3.2092,"Jinja","2017","E.Central"
"1535","JI-02-32",1.0305,"Jinja","2017","E.Central"
"1536","JI-02-33",1.695,"Jinja","2017","E.Central"
"1537","JI-02-34",1.2893,"Jinja","2017","E.Central"
"1538","JI-02-36",2.344,"Jinja","2017","E.Central"
"1539","JI-02-38",1.2814,"Jinja","2017","E.Central"
"1540","JI-02-39",1.1927,"Jinja","2017","E.Central"
"1541","JI-02-40",2.2202,"Jinja","2017","E.Central"
"1542","JI-02-41",1.2761,"Jinja","2017","E.Central"
"1543","JI-02-44",2.7021,"Jinja","2017","E.Central"
"1544","JI-02-46",2.1986,"Jinja","2017","E.Central"
"1545","JI-02-47",2.6219,"Jinja","2017","E.Central"
"1546","JI-02-48",1.325,"Jinja","2017","E.Central"
"1547","JI-05-01",1.1925,"Jinja","2020","E.Central"
"1548","JI-05-02",1.5446,"Jinja","2020","E.Central"
"1549","JI-05-03",1.7756,"Jinja","2020","E.Central"
"1550","JI-05-04",1.0526,"Jinja","2020","E.Central"
"1551","JI-05-05",1.7865,"Jinja","2020","E.Central"
"1552","JI-05-06",1.0148,"Jinja","2020","E.Central"
"1553","JI-05-07",1.0164,"Jinja","2020","E.Central"
"1554","JI-05-08",1.7607,"Jinja","2020","E.Central"
"1555","JI-05-09",1.5048,"Jinja","2020","E.Central"
"1556","JI-05-10",1.1133,"Jinja","2020","E.Central"
"1557","JI-05-11",1.0559,"Jinja","2020","E.Central"
"1558","JI-05-12",1.0404,"Jinja","2020","E.Central"
"1559","JI-05-13",1.1471,"Jinja","2020","E.Central"
"1560","JI-05-14",1.0525,"Jinja","2020","E.Central"
"1561","JI-05-15",1.3044,"Jinja","2020","E.Central"
"1562","JI-05-16",2.7733,"Jinja","2020","E.Central"
"1563","JI-05-17",1.0345,"Jinja","2020","E.Central"
"1564","JI-05-18",1.0419,"Jinja","2020","E.Central"
"1565","JI-05-19",1.2275,"Jinja","2020","E.Central"
"1566","JI-05-20",1.2345,"Jinja","2020","E.Central"
"1567","JI-05-22",1.0093,"Jinja","2020","E.Central"
"1568","JI-05-24",1.0244,"Jinja","2020","E.Central"
"1569","JI-05-25",1.0264,"Jinja","2020","E.Central"
"1570","JI-05-26",1.0168,"Jinja","2020","E.Central"
"1571","JI-05-27",1.0214,"Jinja","2020","E.Central"
"1572","JI-05-28",1.0166,"Jinja","2020","E.Central"
"1573","JI-05-29",1.0123,"Jinja","2020","E.Central"
"1574","JI-05-30",1.0208,"Jinja","2020","E.Central"
"1575","JI-05-31",1.0309,"Jinja","2020","E.Central"
"1576","JI-05-32",1.0024,"Jinja","2020","E.Central"
"1577","JI-05-33",1.0175,"Jinja","2020","E.Central"
"1578","JI-05-34",1.0125,"Jinja","2020","E.Central"
"1579","JI-05-35",1.0124,"Jinja","2020","E.Central"
"1580","JI-05-36",1.0172,"Jinja","2020","E.Central"
"1581","JI-05-37",1.0131,"Jinja","2020","E.Central"
"1582","JI-05-38",1.0188,"Jinja","2020","E.Central"
"1583","JI-05-39",1.012,"Jinja","2020","E.Central"
"1584","JI-05-40",1.0104,"Jinja","2020","E.Central"
"1585","JI-05-41",1.0164,"Jinja","2020","E.Central"
"1586","JI-05-43",1.0106,"Jinja","2020","E.Central"
"1587","JI-05-44",1.0144,"Jinja","2020","E.Central"
"1588","JI-05-45",1.0143,"Jinja","2020","E.Central"
"1589","JI-05-46",1.0046,"Jinja","2020","E.Central"
"1590","JI-05-47",1.0185,"Jinja","2020","E.Central"
"1591","JI-05-49",1.0125,"Jinja","2020","E.Central"
"1592","JI-05-50",1.0198,"Jinja","2020","E.Central"
"1593","JI-05-51",1.014,"Jinja","2020","E.Central"
"1594","JI-05-52",1.0092,"Jinja","2020","E.Central"
"1595","JI-05-53",1.0033,"Jinja","2020","E.Central"
"1596","JI-05-54",1.0098,"Jinja","2020","E.Central"
"1597","JI-05-55",1.0143,"Jinja","2020","E.Central"
"1598","JI-05-56",1.0169,"Jinja","2020","E.Central"
"1599","JI-05-57",1.013,"Jinja","2020","E.Central"
"1600","JI-05-58",1.0101,"Jinja","2020","E.Central"
"1601","JI-05-59",1.0216,"Jinja","2020","E.Central"
"1602","JI-05-60",1.0086,"Jinja","2020","E.Central"
"1603","JI-05-61",1.0112,"Jinja","2020","E.Central"
"1604","JI-05-62",1.0311,"Jinja","2020","E.Central"
"1605","JI-05-63",1.0192,"Jinja","2020","E.Central"
"1606","JI-05-64",1.0165,"Jinja","2020","E.Central"
"1607","JI-05-65",1.0134,"Jinja","2020","E.Central"
"1608","JI-05-67",3.2326,"Jinja","2020","E.Central"
"1609","JI-05-69",1.0317,"Jinja","2020","E.Central"
"1610","JI-05-70",3.0593,"Jinja","2020","E.Central"
"1611","JI-05-71",1.0777,"Jinja","2020","E.Central"
"1612","JI-05-72",1.0391,"Jinja","2020","E.Central"
"1613","JI-05-73",1.0377,"Jinja","2020","E.Central"
"1614","JI-05-74",1.0448,"Jinja","2020","E.Central"
"1615","JI-05-75",1.1245,"Jinja","2020","E.Central"
"1616","JI-05-76",3.2996,"Jinja","2020","E.Central"
"1617","JI-05-77",2.902,"Jinja","2020","E.Central"
"1618","JI-05-78",1.0427,"Jinja","2020","E.Central"
"1619","JI-05-79",3.0567,"Jinja","2020","E.Central"
"1620","JI-05-80",1.0438,"Jinja","2020","E.Central"
"1621","JI-05-81",1.0413,"Jinja","2020","E.Central"
"1622","JI-05-82",1.0462,"Jinja","2020","E.Central"
"1623","JI-05-83",1.0364,"Jinja","2020","E.Central"
"1624","JI-05-84",1.0245,"Jinja","2020","E.Central"
"1625","JI-05-85",1.8077,"Jinja","2020","E.Central"
"1626","JI-05-86",1.055,"Jinja","2020","E.Central"
"1627","JI-05-87",1.7859,"Jinja","2020","E.Central"
"1628","JI-05-88",1.0331,"Jinja","2020","E.Central"
"1629","JI-05-89",1.0139,"Jinja","2020","E.Central"
"1630","JI-05-90",1.0422,"Jinja","2020","E.Central"
"1631","JI-05-91",1.0349,"Jinja","2020","E.Central"
"1632","JI-05-92",1.0323,"Jinja","2020","E.Central"
"1633","JI-05-93",1.0411,"Jinja","2020","E.Central"
"1634","JI-05-94",1.0403,"Jinja","2020","E.Central"
"1635","JI-05-96",1.0322,"Jinja","2020","E.Central"
"1636","JI-05-97",1.0082,"Jinja","2020","E.Central"
"1637","JI-05-99",1.0479,"Jinja","2020","E.Central"
"1638","JI-06-06",1.1031,"Jinja","2021","E.Central"
"1639","JI-06-12",1.0793,"Jinja","2021","E.Central"
"1640","JI-06-17",1.0909,"Jinja","2021","E.Central"
"1641","JI-06-28",1.0277,"Jinja","2021","E.Central"
"1642","JI-06-29",1.0203,"Jinja","2021","E.Central"
"1643","JI-06-47",1,"Jinja","2021","E.Central"
"1644","JI-06-49",1.0258,"Jinja","2021","E.Central"
"1645","JI-06-50",1.0208,"Jinja","2021","E.Central"
"1646","JI-06-58",1.0258,"Jinja","2021","E.Central"
"1647","JI-06-82",1.0177,"Jinja","2021","E.Central"
"1648","JI-06-86",1.0379,"Jinja","2021","E.Central"
"1649","JI-06-89",1.0114,"Jinja","2021","E.Central"
"1650","JI-06-90",1.0162,"Jinja","2021","E.Central"
"1651","JI-06-94",1.012,"Jinja","2021","E.Central"
"1652","JI-06-99",1.0169,"Jinja","2021","E.Central"
"1653","JI-07-01",1.0518,"Jinja","2022","E.Central"
"1654","JI-07-04",1.0168,"Jinja","2022","E.Central"
"1655","JI-07-05",1.0417,"Jinja","2022","E.Central"
"1656","JI-07-06",2.3411,"Jinja","2022","E.Central"
"1657","JI-07-07",1.9959,"Jinja","2022","E.Central"
"1658","JI-07-08",2.0348,"Jinja","2022","E.Central"
"1659","JI-07-09",3.1896,"Jinja","2022","E.Central"
"1660","JI-07-10",1.0425,"Jinja","2022","E.Central"
"1661","JI-07-100",1.8877,"Jinja","2022","E.Central"
"1662","JI-07-11",1.4552,"Jinja","2022","E.Central"
"1663","JI-07-12",1.0585,"Jinja","2022","E.Central"
"1664","JI-07-13",2.4271,"Jinja","2022","E.Central"
"1665","JI-07-14",1.2007,"Jinja","2022","E.Central"
"1666","JI-07-15",1.4391,"Jinja","2022","E.Central"
"1667","JI-07-16",1.4213,"Jinja","2022","E.Central"
"1668","JI-07-17",1.428,"Jinja","2022","E.Central"
"1669","JI-07-18",1.4365,"Jinja","2022","E.Central"
"1670","JI-07-19",1.4505,"Jinja","2022","E.Central"
"1671","JI-07-20",1.4375,"Jinja","2022","E.Central"
"1672","JI-07-21",1.4222,"Jinja","2022","E.Central"
"1673","JI-07-22",1.412,"Jinja","2022","E.Central"
"1674","JI-07-23",1.4517,"Jinja","2022","E.Central"
"1675","JI-07-24",1.4505,"Jinja","2022","E.Central"
"1676","JI-07-25",1.4527,"Jinja","2022","E.Central"
"1677","JI-07-26",1.4314,"Jinja","2022","E.Central"
"1678","JI-07-27",1.4573,"Jinja","2022","E.Central"
"1679","JI-07-28",1.4442,"Jinja","2022","E.Central"
"1680","JI-07-29",1.4614,"Jinja","2022","E.Central"
"1681","JI-07-30",1.4142,"Jinja","2022","E.Central"
"1682","JI-07-31",1.4533,"Jinja","2022","E.Central"
"1683","JI-07-32",1.4256,"Jinja","2022","E.Central"
"1684","JI-07-33",1.4243,"Jinja","2022","E.Central"
"1685","JI-07-34",1.4082,"Jinja","2022","E.Central"
"1686","JI-07-35",1.4215,"Jinja","2022","E.Central"
"1687","JI-07-36",1.3743,"Jinja","2022","E.Central"
"1688","JI-07-37",1.4488,"Jinja","2022","E.Central"
"1689","JI-07-38",1.4502,"Jinja","2022","E.Central"
"1690","JI-07-39",1.422,"Jinja","2022","E.Central"
"1691","JI-07-40",1.4537,"Jinja","2022","E.Central"
"1692","JI-07-41",1.4175,"Jinja","2022","E.Central"
"1693","JI-07-42",1.4414,"Jinja","2022","E.Central"
"1694","JI-07-43",1.4282,"Jinja","2022","E.Central"
"1695","JI-07-44",1.3904,"Jinja","2022","E.Central"
"1696","JI-07-45",1.4145,"Jinja","2022","E.Central"
"1697","JI-07-46",1.4173,"Jinja","2022","E.Central"
"1698","JI-07-47",1.4254,"Jinja","2022","E.Central"
"1699","JI-07-48",1.4025,"Jinja","2022","E.Central"
"1700","JI-07-49",1.4474,"Jinja","2022","E.Central"
"1701","JI-07-50",1.3243,"Jinja","2022","E.Central"
"1702","JI-07-51",1.4214,"Jinja","2022","E.Central"
"1703","JI-07-52",1.4247,"Jinja","2022","E.Central"
"1704","JI-07-53",1.4507,"Jinja","2022","E.Central"
"1705","JI-07-54",1.3664,"Jinja","2022","E.Central"
"1706","JI-07-55",1.3887,"Jinja","2022","E.Central"
"1707","JI-07-56",1.4204,"Jinja","2022","E.Central"
"1708","JI-07-57",1.3623,"Jinja","2022","E.Central"
"1709","JI-07-58",1.3757,"Jinja","2022","E.Central"
"1710","JI-07-59",1.3591,"Jinja","2022","E.Central"
"1711","JI-07-60",1.398,"Jinja","2022","E.Central"
"1712","JI-07-61",1.4031,"Jinja","2022","E.Central"
"1713","JI-07-62",1.3974,"Jinja","2022","E.Central"
"1714","JI-07-63",1.4301,"Jinja","2022","E.Central"
"1715","JI-07-64",1.4299,"Jinja","2022","E.Central"
"1716","JI-07-65",1.415,"Jinja","2022","E.Central"
"1717","JI-07-66",1.3978,"Jinja","2022","E.Central"
"1718","JI-07-67",1.2155,"Jinja","2022","E.Central"
"1719","JI-07-68",1.3805,"Jinja","2022","E.Central"
"1720","JI-07-69",1.4185,"Jinja","2022","E.Central"
"1721","JI-07-70",1.3211,"Jinja","2022","E.Central"
"1722","JI-07-71",1.4067,"Jinja","2022","E.Central"
"1723","JI-07-72",1.1685,"Jinja","2022","E.Central"
"1724","JI-07-75",1.5836,"Jinja","2022","E.Central"
"1725","JI-07-76",1.315,"Jinja","2022","E.Central"
"1726","JI-07-78",1.1944,"Jinja","2022","E.Central"
"1727","JI-07-79",1.3847,"Jinja","2022","E.Central"
"1728","JI-07-80",1.2471,"Jinja","2022","E.Central"
"1729","JI-07-81",1.1212,"Jinja","2022","E.Central"
"1730","JI-07-82",1.4012,"Jinja","2022","E.Central"
"1731","JI-07-83",1.4541,"Jinja","2022","E.Central"
"1732","JI-07-84",1.8184,"Jinja","2022","E.Central"
"1733","JI-07-85",1.6655,"Jinja","2022","E.Central"
"1734","JI-07-86",1.3022,"Jinja","2022","E.Central"
"1735","JI-07-87",1.5634,"Jinja","2022","E.Central"
"1736","JI-07-88",1.662,"Jinja","2022","E.Central"
"1737","JI-07-89",1.4236,"Jinja","2022","E.Central"
"1738","JI-07-90",1.493,"Jinja","2022","E.Central"
"1739","JI-07-91",1.6743,"Jinja","2022","E.Central"
"1740","JI-07-92",1.5768,"Jinja","2022","E.Central"
"1741","JI-07-93",1.6088,"Jinja","2022","E.Central"
"1742","JI-07-94",1.6081,"Jinja","2022","E.Central"
"1743","JI-07-95",1.2317,"Jinja","2022","E.Central"
"1744","JI-07-96",1.6427,"Jinja","2022","E.Central"
"1745","JI-07-97",1.7687,"Jinja","2022","E.Central"
"1746","JI-07-98",1.2492,"Jinja","2022","E.Central"
"1747","JI-07-99",1.3193,"Jinja","2022","E.Central"
"1748","KAP-06-11",1.0882,"Kapchorwa","2021","East"
"1749","KAP-06-21",1.021,"Kapchorwa","2021","East"
"1750","KAP-06-91",1.0304,"Kapchorwa","2021","East"
"1751","KAP-07-01",1.0473,"Kapchorwa","2022","East"
"1752","KAP-07-03",1.035,"Kapchorwa","2022","East"
"1753","KAP-07-04",1.0467,"Kapchorwa","2022","East"
"1754","KAP-07-05",1.555,"Kapchorwa","2022","East"
"1755","KAP-07-25",1.044,"Kapchorwa","2022","East"
"1756","KAP-07-29",1.0284,"Kapchorwa","2022","East"
"1757","KAP-07-30",1.0222,"Kapchorwa","2022","East"
"1758","KAP-07-33",1.0251,"Kapchorwa","2022","East"
"1759","KAP-07-34",1.0343,"Kapchorwa","2022","East"
"1760","KAP-07-39",1.0287,"Kapchorwa","2022","East"
"1761","KAP-07-40",1.0325,"Kapchorwa","2022","East"
"1762","KAP-07-46",1.0289,"Kapchorwa","2022","East"
"1763","KAP-07-49",1.0283,"Kapchorwa","2022","East"
"1764","KAP-07-51",1.0446,"Kapchorwa","2022","East"
"1765","KAP-07-52",1.0418,"Kapchorwa","2022","East"
"1766","KAP-07-58",1.0374,"Kapchorwa","2022","East"
"1767","KAP-07-59",1.0318,"Kapchorwa","2022","East"
"1768","KAP-07-62",1.0411,"Kapchorwa","2022","East"
"1769","KAP-07-67",1.0278,"Kapchorwa","2022","East"
"1770","KAP-07-72",1.0278,"Kapchorwa","2022","East"
"1771","KAP-07-73",1.0202,"Kapchorwa","2022","East"
"1772","KAP-07-75",1.0259,"Kapchorwa","2022","East"
"1773","KAP-07-84",1.0276,"Kapchorwa","2022","East"
"1774","KAP-07-85",1.0443,"Kapchorwa","2022","East"
"1775","KAP-07-86",1.0291,"Kapchorwa","2022","East"
"1776","KAP-07-87",1.0285,"Kapchorwa","2022","East"
"1777","KAP-07-88",1.0281,"Kapchorwa","2022","East"
"1778","KAP-07-93",1.0402,"Kapchorwa","2022","East"
"1779","KAP-07-94",1.0195,"Kapchorwa","2022","East"
"1780","KAP-07-96",1,"Kapchorwa","2022","East"
"1781","KAP-07-97",1.0033,"Kapchorwa","2022","East"
"1782","KAP-07-98",1,"Kapchorwa","2022","East"
"1783","KB-00-01",1.8162,"Kabale","2016","S.West"
"1784","KB-00-03",1.3875,"Kabale","2016","S.West"
"1785","KB-00-04",2.1893,"Kabale","2016","S.West"
"1786","KB-00-05",1.5061,"Kabale","2016","S.West"
"1787","KB-00-06",1.0561,"Kabale","2016","S.West"
"1788","KB-00-07",2.296,"Kabale","2016","S.West"
"1789","KB-00-08",1.0451,"Kabale","2016","S.West"
"1790","KB-00-09",1.219,"Kabale","2016","S.West"
"1791","KB-00-10",1.4832,"Kabale","2016","S.West"
"1792","KB-00-11",1.048,"Kabale","2016","S.West"
"1793","KB-00-12",1.0439,"Kabale","2016","S.West"
"1794","KB-00-13",2.2749,"Kabale","2016","S.West"
"1795","KB-00-15",1.5366,"Kabale","2016","S.West"
"1796","KB-00-16",1.0444,"Kabale","2016","S.West"
"1797","KB-00-18",1.0764,"Kabale","2016","S.West"
"1798","KB-00-19",1.0179,"Kabale","2016","S.West"
"1799","KB-00-20",1.0236,"Kabale","2016","S.West"
"1800","KB-00-21",1.0432,"Kabale","2016","S.West"
"1801","KB-00-22",1.1302,"Kabale","2016","S.West"
"1802","KB-00-23",1.0419,"Kabale","2016","S.West"
"1803","KB-00-24",1.4909,"Kabale","2016","S.West"
"1804","KB-00-25",2.2799,"Kabale","2016","S.West"
"1805","KB-00-27",1.5835,"Kabale","2016","S.West"
"1806","KB-00-28",1.6676,"Kabale","2016","S.West"
"1807","KB-00-29",1.0599,"Kabale","2016","S.West"
"1808","KB-00-30",1.0495,"Kabale","2016","S.West"
"1809","KB-00-31",1.524,"Kabale","2016","S.West"
"1810","KB-00-32",1.0348,"Kabale","2016","S.West"
"1811","KB-00-34",1.023,"Kabale","2016","S.West"
"1812","KB-00-35",1.026,"Kabale","2016","S.West"
"1813","KB-00-36",1.0674,"Kabale","2016","S.West"
"1814","KB-00-37",1.6731,"Kabale","2016","S.West"
"1815","KB-00-39",1.1263,"Kabale","2016","S.West"
"1816","KB-00-40",1.0395,"Kabale","2016","S.West"
"1817","KB-00-41",1.419,"Kabale","2016","S.West"
"1818","KB-00-43",1.3194,"Kabale","2016","S.West"
"1819","KB-00-44",1.6601,"Kabale","2016","S.West"
"1820","KB-00-45",1.0425,"Kabale","2016","S.West"
"1821","KB-00-46",1.4437,"Kabale","2016","S.West"
"1822","KB-00-47",1.0289,"Kabale","2016","S.West"
"1823","KB-00-49",1.6561,"Kabale","2016","S.West"
"1824","KB-00-50",1.0348,"Kabale","2016","S.West"
"1825","KB-05-01",1.1036,"Kabale","2020","S.West"
"1826","KB-05-02",1.0255,"Kabale","2020","S.West"
"1827","KB-05-03",1.0478,"Kabale","2020","S.West"
"1828","KB-05-04",1.0525,"Kabale","2020","S.West"
"1829","KB-05-05",1.0513,"Kabale","2020","S.West"
"1830","KB-05-06",1.6768,"Kabale","2020","S.West"
"1831","KB-05-09",1.0134,"Kabale","2020","S.West"
"1832","KB-05-10",1.3096,"Kabale","2020","S.West"
"1833","KB-05-11",1.0168,"Kabale","2020","S.West"
"1834","KB-05-13",1.0647,"Kabale","2020","S.West"
"1835","KB-05-14",1.831,"Kabale","2020","S.West"
"1836","KB-05-16",1.0448,"Kabale","2020","S.West"
"1837","KB-05-17",1.2104,"Kabale","2020","S.West"
"1838","KB-05-18",1.0443,"Kabale","2020","S.West"
"1839","KB-05-19",1.4893,"Kabale","2020","S.West"
"1840","KB-05-20",1.0246,"Kabale","2020","S.West"
"1841","KB-05-21",1.0487,"Kabale","2020","S.West"
"1842","KB-05-22",1.0489,"Kabale","2020","S.West"
"1843","KB-05-24",1.0126,"Kabale","2020","S.West"
"1844","KB-05-25",1.0248,"Kabale","2020","S.West"
"1845","KB-05-26",1.2834,"Kabale","2020","S.West"
"1846","KB-05-29",1.0537,"Kabale","2020","S.West"
"1847","KB-05-32",1.0421,"Kabale","2020","S.West"
"1848","KB-05-33",1.0336,"Kabale","2020","S.West"
"1849","KB-05-34",1.589,"Kabale","2020","S.West"
"1850","KB-05-35",1.3763,"Kabale","2020","S.West"
"1851","KB-05-37",1.0443,"Kabale","2020","S.West"
"1852","KB-05-39",1.0313,"Kabale","2020","S.West"
"1853","KB-05-40",1.0329,"Kabale","2020","S.West"
"1854","KB-05-41",1.0403,"Kabale","2020","S.West"
"1855","KB-05-42",1.0495,"Kabale","2020","S.West"
"1856","KB-05-44",1.0194,"Kabale","2020","S.West"
"1857","KB-05-45",1.0417,"Kabale","2020","S.West"
"1858","KB-06-02",1.0337,"Kabale","2021","S.West"
"1859","KB-06-08",1.1829,"Kabale","2021","S.West"
"1860","KB-06-10",1.1587,"Kabale","2021","S.West"
"1861","KB-06-11",1.0857,"Kabale","2021","S.West"
"1862","KB-06-12",1.0256,"Kabale","2021","S.West"
"1863","KB-06-13",1.0176,"Kabale","2021","S.West"
"1864","KB-06-14",1.0213,"Kabale","2021","S.West"
"1865","KB-06-25",1.0099,"Kabale","2021","S.West"
"1866","KB-06-30",1.0142,"Kabale","2021","S.West"
"1867","KB-06-31",1.0189,"Kabale","2021","S.West"
"1868","KB-06-37",1.0058,"Kabale","2021","S.West"
"1869","KB-06-46",1.0187,"Kabale","2021","S.West"
"1870","KB-06-51",1.0824,"Kabale","2021","S.West"
"1871","KB-06-59",1.026,"Kabale","2021","S.West"
"1872","KB-06-62",1.0181,"Kabale","2021","S.West"
"1873","KB-06-64",1.0122,"Kabale","2021","S.West"
"1874","KB-06-72",1.1615,"Kabale","2021","S.West"
"1875","KB-06-74",1.0147,"Kabale","2021","S.West"
"1876","KB-06-82",1.0207,"Kabale","2021","S.West"
"1877","KB-06-86",1.0048,"Kabale","2021","S.West"
"1878","KB-06-98",1.0136,"Kabale","2021","S.West"
"1879","KB-07-01",1.0304,"Kabale","2022","S.West"
"1880","KB-07-03",2.2567,"Kabale","2022","S.West"
"1881","KB-07-04",1.0459,"Kabale","2022","S.West"
"1882","KB-07-05",1.4157,"Kabale","2022","S.West"
"1883","KB-07-06",1.0434,"Kabale","2022","S.West"
"1884","KB-07-07",1.2553,"Kabale","2022","S.West"
"1885","KB-07-08",2.2224,"Kabale","2022","S.West"
"1886","KB-07-09",1.0302,"Kabale","2022","S.West"
"1887","KB-07-100",1.0054,"Kabale","2022","S.West"
"1888","KB-07-12",1.0152,"Kabale","2022","S.West"
"1889","KB-07-13",1.0466,"Kabale","2022","S.West"
"1890","KB-07-14",1.038,"Kabale","2022","S.West"
"1891","KB-07-16",1.3494,"Kabale","2022","S.West"
"1892","KB-07-17",1.2038,"Kabale","2022","S.West"
"1893","KB-07-19",1.047,"Kabale","2022","S.West"
"1894","KB-07-21",1.032,"Kabale","2022","S.West"
"1895","KB-07-23",1.0182,"Kabale","2022","S.West"
"1896","KB-07-24",1.303,"Kabale","2022","S.West"
"1897","KB-07-25",1.2687,"Kabale","2022","S.West"
"1898","KB-07-26",1.0391,"Kabale","2022","S.West"
"1899","KB-07-27",1.0374,"Kabale","2022","S.West"
"1900","KB-07-29",1.056,"Kabale","2022","S.West"
"1901","KB-07-32",1.0187,"Kabale","2022","S.West"
"1902","KB-07-34",1.0547,"Kabale","2022","S.West"
"1903","KB-07-36",1.0397,"Kabale","2022","S.West"
"1904","KB-07-37",1.6882,"Kabale","2022","S.West"
"1905","KB-07-38",1.0457,"Kabale","2022","S.West"
"1906","KB-07-41",1.0592,"Kabale","2022","S.West"
"1907","KB-07-42",1.0241,"Kabale","2022","S.West"
"1908","KB-07-43",2.5047,"Kabale","2022","S.West"
"1909","KB-07-44",1.0064,"Kabale","2022","S.West"
"1910","KB-07-46",1.2333,"Kabale","2022","S.West"
"1911","KB-07-48",1.0346,"Kabale","2022","S.West"
"1912","KB-07-49",1.0285,"Kabale","2022","S.West"
"1913","KB-07-51",1.4541,"Kabale","2022","S.West"
"1914","KB-07-54",1.0152,"Kabale","2022","S.West"
"1915","KB-07-55",1.7799,"Kabale","2022","S.West"
"1916","KB-07-56",1.0609,"Kabale","2022","S.West"
"1917","KB-07-57",1.1071,"Kabale","2022","S.West"
"1918","KB-07-59",1.2935,"Kabale","2022","S.West"
"1919","KB-07-60",1.0541,"Kabale","2022","S.West"
"1920","KB-07-65",1.0478,"Kabale","2022","S.West"
"1921","KB-07-66",1.1775,"Kabale","2022","S.West"
"1922","KB-07-68",1.8575,"Kabale","2022","S.West"
"1923","KB-07-71",1.4711,"Kabale","2022","S.West"
"1924","KB-07-76",1.0818,"Kabale","2022","S.West"
"1925","KB-07-78",1.0297,"Kabale","2022","S.West"
"1926","KB-07-79",1.8251,"Kabale","2022","S.West"
"1927","KB-07-82",1.0319,"Kabale","2022","S.West"
"1928","KB-07-84",1.0645,"Kabale","2022","S.West"
"1929","KB-07-85",1.0829,"Kabale","2022","S.West"
"1930","KB-07-89",1.0441,"Kabale","2022","S.West"
"1931","KB-07-90",1.4368,"Kabale","2022","S.West"
"1932","KB-07-92",1.1039,"Kabale","2022","S.West"
"1933","KB-07-94",1.6848,"Kabale","2022","S.West"
"1934","KB-07-96",1.0301,"Kabale","2022","S.West"
"1935","KBG-05-02",1.1882,"Kaabong","2020","North"
"1936","KBG-05-04",2.4371,"Kaabong","2020","North"
"1937","KBG-05-06",1.7354,"Kaabong","2020","North"
"1938","KBG-05-08",1.322,"Kaabong","2020","North"
"1939","KBG-05-09",2.5952,"Kaabong","2020","North"
"1940","KBG-05-14",1.0981,"Kaabong","2020","North"
"1941","KBG-05-15",1.1722,"Kaabong","2020","North"
"1942","KBG-05-16",1.4467,"Kaabong","2020","North"
"1943","KBG-05-17",2.0557,"Kaabong","2020","North"
"1944","KBG-05-20",1.9752,"Kaabong","2020","North"
"1945","KBG-05-23",1.0337,"Kaabong","2020","North"
"1946","KBG-05-26",2.2715,"Kaabong","2020","North"
"1947","KBG-05-28",1.3222,"Kaabong","2020","North"
"1948","KBG-05-30",1.0033,"Kaabong","2020","North"
"1949","KBG-05-31",2.7188,"Kaabong","2020","North"
"1950","KBG-05-34",2.4616,"Kaabong","2020","North"
"1951","KBG-05-38",2.4353,"Kaabong","2020","North"
"1952","KBG-05-41",1.8994,"Kaabong","2020","North"
"1953","KBG-05-45",2.1851,"Kaabong","2020","North"
"1954","KBG-05-46",1.1221,"Kaabong","2020","North"
"1955","KBG-05-47",1.0469,"Kaabong","2020","North"
"1956","KBG-05-49",1.0654,"Kaabong","2020","North"
"1957","KBG-05-50",1.8405,"Kaabong","2020","North"
"1958","KBG-05-51",1.1008,"Kaabong","2020","North"
"1959","KBG-05-55",1.1865,"Kaabong","2020","North"
"1960","KBG-05-65",1.0239,"Kaabong","2020","North"
"1961","KBG-05-66",1.5233,"Kaabong","2020","North"
"1962","KBG-05-68",1.4708,"Kaabong","2020","North"
"1963","KBG-05-71",2.3005,"Kaabong","2020","North"
"1964","KBG-05-73",1.032,"Kaabong","2020","North"
"1965","KBG-05-74",1.1188,"Kaabong","2020","North"
"1966","KBG-05-75",1.0721,"Kaabong","2020","North"
"1967","KBG-05-77",1.1204,"Kaabong","2020","North"
"1968","KBG-05-81",1.4005,"Kaabong","2020","North"
"1969","KBG-05-84",1.0216,"Kaabong","2020","North"
"1970","KBG-05-86",1.0379,"Kaabong","2020","North"
"1971","KBG-05-88",1.0316,"Kaabong","2020","North"
"1972","KBG-05-91",1.3652,"Kaabong","2020","North"
"1973","KBG-05-93",1.2065,"Kaabong","2020","North"
"1974","KBG-05-95",1.7795,"Kaabong","2020","North"
"1975","KBG-05-97",2.208,"Kaabong","2020","North"
"1976","KBG-06-03",1.1254,"Kaabong","2021","North"
"1977","KBG-06-14",1.0345,"Kaabong","2021","North"
"1978","KBG-06-18",1.0066,"Kaabong","2021","North"
"1979","KBG-06-28",1.0321,"Kaabong","2021","North"
"1980","KBG-06-35",1.0802,"Kaabong","2021","North"
"1981","KBG-06-43",1.1691,"Kaabong","2021","North"
"1982","KBG-06-54",1.2076,"Kaabong","2021","North"
"1983","KBG-06-57",1.1467,"Kaabong","2021","North"
"1984","KBG-06-71",1.421,"Kaabong","2021","North"
"1985","KBG-06-79",1.0929,"Kaabong","2021","North"
"1986","KBG-06-82",1.1207,"Kaabong","2021","North"
"1987","KBG-06-84",1.0201,"Kaabong","2021","North"
"1988","KBG-07-01",1.9196,"Kaabong","2022","North"
"1989","KBG-07-05",3.0415,"Kaabong","2022","North"
"1990","KBG-07-12",1.0244,"Kaabong","2022","North"
"1991","KBG-07-13",1.0485,"Kaabong","2022","North"
"1992","KBG-07-14",1.0417,"Kaabong","2022","North"
"1993","KBG-07-18",1.04,"Kaabong","2022","North"
"1994","KBG-07-19",2.1563,"Kaabong","2022","North"
"1995","KBG-07-21",1.1174,"Kaabong","2022","North"
"1996","KBG-07-22",1.0879,"Kaabong","2022","North"
"1997","KBG-07-23",1.0929,"Kaabong","2022","North"
"1998","KBG-07-24",1.0413,"Kaabong","2022","North"
"1999","KBG-07-25",1.0512,"Kaabong","2022","North"
"2000","KBG-07-26",1.2249,"Kaabong","2022","North"
"2001","KBG-07-28",1.3357,"Kaabong","2022","North"
"2002","KBG-07-29",2.0109,"Kaabong","2022","North"
"2003","KBG-07-30",1.0488,"Kaabong","2022","North"
"2004","KBG-07-33",1.0847,"Kaabong","2022","North"
"2005","KBG-07-35",1.0212,"Kaabong","2022","North"
"2006","KBG-07-37",2.0889,"Kaabong","2022","North"
"2007","KBG-07-40",1.0719,"Kaabong","2022","North"
"2008","KBG-07-45",2.5075,"Kaabong","2022","North"
"2009","KBG-07-46",1.8822,"Kaabong","2022","North"
"2010","KBG-07-48",1.0294,"Kaabong","2022","North"
"2011","KBG-07-53",1.3089,"Kaabong","2022","North"
"2012","KBG-07-54",1.2607,"Kaabong","2022","North"
"2013","KBG-07-55",1.107,"Kaabong","2022","North"
"2014","KBG-07-57",1.0343,"Kaabong","2022","North"
"2015","KBG-07-58",1.6294,"Kaabong","2022","North"
"2016","KBG-07-59",1.0953,"Kaabong","2022","North"
"2017","KBG-07-61",1.0475,"Kaabong","2022","North"
"2018","KBG-07-63",1.0042,"Kaabong","2022","North"
"2019","KBG-07-65",1.2632,"Kaabong","2022","North"
"2020","KBG-07-66",1.0369,"Kaabong","2022","North"
"2021","KBG-07-67",1.1436,"Kaabong","2022","North"
"2022","KBG-07-74",2.2197,"Kaabong","2022","North"
"2023","KBG-07-75",1.0961,"Kaabong","2022","North"
"2024","KBG-07-76",1.0983,"Kaabong","2022","North"
"2025","KBG-07-77",1.0443,"Kaabong","2022","North"
"2026","KBG-07-78",1.1446,"Kaabong","2022","North"
"2027","KBG-07-83",1.3054,"Kaabong","2022","North"
"2028","KBG-07-84",1.0983,"Kaabong","2022","North"
"2029","KBG-07-88",1.0877,"Kaabong","2022","North"
"2030","KBG-07-90",1.128,"Kaabong","2022","North"
"2031","KBG-07-91",1.0499,"Kaabong","2022","North"
"2032","KBG-07-94",2.4102,"Kaabong","2022","North"
"2033","KBG-07-95",1.0342,"Kaabong","2022","North"
"2034","KBG-07-96",2.2455,"Kaabong","2022","North"
"2035","KBG-07-97",1.036,"Kaabong","2022","North"
"2036","KBG-07-98",1.1232,"Kaabong","2022","North"
"2037","KBG-07-99",2.0947,"Kaabong","2022","North"
"2038","KBK-05-01",1.1184,"Koboko","2020","N.West"
"2039","KBK-05-03",1.3762,"Koboko","2020","N.West"
"2040","KBK-05-04",1.0098,"Koboko","2020","N.West"
"2041","KBK-05-05",1.0362,"Koboko","2020","N.West"
"2042","KBK-05-06",2.0712,"Koboko","2020","N.West"
"2043","KBK-05-08",1.3484,"Koboko","2020","N.West"
"2044","KBK-05-10",1.1533,"Koboko","2020","N.West"
"2045","KBK-05-11",1.4601,"Koboko","2020","N.West"
"2046","KBK-05-16",1.1885,"Koboko","2020","N.West"
"2047","KBK-05-17",1.0609,"Koboko","2020","N.West"
"2048","KBK-05-21",1.0475,"Koboko","2020","N.West"
"2049","KBK-05-23",1.0428,"Koboko","2020","N.West"
"2050","KBK-05-26",1.0403,"Koboko","2020","N.West"
"2051","KBK-05-27",2.3213,"Koboko","2020","N.West"
"2052","KBK-05-28",1.7852,"Koboko","2020","N.West"
"2053","KBK-05-29",1.737,"Koboko","2020","N.West"
"2054","KBK-05-30",2.706,"Koboko","2020","N.West"
"2055","KBK-05-31",3.4592,"Koboko","2020","N.West"
"2056","KBK-05-32",1.1157,"Koboko","2020","N.West"
"2057","KBK-05-33",1.0233,"Koboko","2020","N.West"
"2058","KBK-05-34",2.0449,"Koboko","2020","N.West"
"2059","KBK-05-36",1.0156,"Koboko","2020","N.West"
"2060","KBK-05-40",1.0847,"Koboko","2020","N.West"
"2061","KBK-05-42",1.0332,"Koboko","2020","N.West"
"2062","KBK-05-47",1.12,"Koboko","2020","N.West"
"2063","KBK-05-50",1.1311,"Koboko","2020","N.West"
"2064","KBK-05-51",2.2229,"Koboko","2020","N.West"
"2065","KBK-05-59",1.2242,"Koboko","2020","N.West"
"2066","KBK-05-61",1.7309,"Koboko","2020","N.West"
"2067","KBK-05-63",2.5719,"Koboko","2020","N.West"
"2068","KBK-05-65",1.0885,"Koboko","2020","N.West"
"2069","KBK-05-68",1.0723,"Koboko","2020","N.West"
"2070","KBK-05-69",2.2938,"Koboko","2020","N.West"
"2071","KBK-05-71",1.3776,"Koboko","2020","N.West"
"2072","KBK-05-72",1.1591,"Koboko","2020","N.West"
"2073","KBK-05-75",1.0517,"Koboko","2020","N.West"
"2074","KBK-05-76",1.9063,"Koboko","2020","N.West"
"2075","KBK-05-78",1.2573,"Koboko","2020","N.West"
"2076","KBK-05-79",1.855,"Koboko","2020","N.West"
"2077","KBK-05-81",1.0515,"Koboko","2020","N.West"
"2078","KBK-05-82",2.7688,"Koboko","2020","N.West"
"2079","KBK-05-84",1.3634,"Koboko","2020","N.West"
"2080","KBK-05-85",1.3297,"Koboko","2020","N.West"
"2081","KBK-05-86",1.1692,"Koboko","2020","N.West"
"2082","KBK-05-87",2.1526,"Koboko","2020","N.West"
"2083","KBK-05-93",1.0664,"Koboko","2020","N.West"
"2084","KBK-05-94",2.5818,"Koboko","2020","N.West"
"2085","KBK-05-96",1.114,"Koboko","2020","N.West"
"2086","KBK-05-97",1.8778,"Koboko","2020","N.West"
"2087","KBK-05-98",1.3843,"Koboko","2020","N.West"
"2088","KBK-06-46",1.1149,"Koboko","2021","N.West"
"2089","KBK-06-53",1.0497,"Koboko","2021","N.West"
"2090","KBK-06-77",1.1195,"Koboko","2021","N.West"
"2091","KBK-06-85",1.0437,"Koboko","2021","N.West"
"2092","KBK-07-02",2.3751,"Koboko","2022","N.West"
"2093","KBK-07-03",2.4179,"Koboko","2022","N.West"
"2094","KBK-07-05",1.7968,"Koboko","2022","N.West"
"2095","KBK-07-06",1.8333,"Koboko","2022","N.West"
"2096","KBK-07-07",2.9765,"Koboko","2022","N.West"
"2097","KBK-07-09",1.513,"Koboko","2022","N.West"
"2098","KBK-07-10",1.1753,"Koboko","2022","N.West"
"2099","KBK-07-12",1.2376,"Koboko","2022","N.West"
"2100","KBK-07-14",1.2883,"Koboko","2022","N.West"
"2101","KBK-07-16",1.017,"Koboko","2022","N.West"
"2102","KBK-07-18",1.2545,"Koboko","2022","N.West"
"2103","KBK-07-20",1.0884,"Koboko","2022","N.West"
"2104","KBK-07-25",3.0241,"Koboko","2022","N.West"
"2105","KBK-07-26",3.1502,"Koboko","2022","N.West"
"2106","KBK-07-29",1.0587,"Koboko","2022","N.West"
"2107","KBK-07-30",1.0631,"Koboko","2022","N.West"
"2108","KBK-07-34",1.033,"Koboko","2022","N.West"
"2109","KBK-07-35",1.8874,"Koboko","2022","N.West"
"2110","KBK-07-36",1.875,"Koboko","2022","N.West"
"2111","KBK-07-37",1.4662,"Koboko","2022","N.West"
"2112","KBK-07-38",1.9542,"Koboko","2022","N.West"
"2113","KBK-07-39",1.5374,"Koboko","2022","N.West"
"2114","KBK-07-43",1.3901,"Koboko","2022","N.West"
"2115","KBK-07-46",1.1434,"Koboko","2022","N.West"
"2116","KBK-07-47",1.2006,"Koboko","2022","N.West"
"2117","KBK-07-59",1.1676,"Koboko","2022","N.West"
"2118","KBK-07-60",1.3902,"Koboko","2022","N.West"
"2119","KBK-07-62",1.1292,"Koboko","2022","N.West"
"2120","KBK-07-63",1.1524,"Koboko","2022","N.West"
"2121","KBK-07-67",1.2175,"Koboko","2022","N.West"
"2122","KBK-07-70",1.1011,"Koboko","2022","N.West"
"2123","KBK-07-75",1.0293,"Koboko","2022","N.West"
"2124","KBK-07-77",1.0288,"Koboko","2022","N.West"
"2125","KBK-07-80",1.2606,"Koboko","2022","N.West"
"2126","KBK-07-87",1.4133,"Koboko","2022","N.West"
"2127","KBK-07-88",1.6238,"Koboko","2022","N.West"
"2128","KBK-07-90",1.0943,"Koboko","2022","N.West"
"2129","KBK-07-94",1.0726,"Koboko","2022","N.West"
"2130","KBK-07-99",1.0474,"Koboko","2022","N.West"
"2131","KN-00-01",1.1278,"Kanungu","2016","S.West"
"2132","KN-00-02",1.7537,"Kanungu","2016","S.West"
"2133","KN-00-03",1.356,"Kanungu","2016","S.West"
"2134","KN-00-05",1.199,"Kanungu","2016","S.West"
"2135","KN-00-06",1.1165,"Kanungu","2016","S.West"
"2136","KN-00-07",1.0345,"Kanungu","2016","S.West"
"2137","KN-00-08",1.0592,"Kanungu","2016","S.West"
"2138","KN-00-09",1.0548,"Kanungu","2016","S.West"
"2139","KN-00-11",1.0477,"Kanungu","2016","S.West"
"2140","KN-00-12",1.0355,"Kanungu","2016","S.West"
"2141","KN-00-13",1.1596,"Kanungu","2016","S.West"
"2142","KN-00-14",1.0158,"Kanungu","2016","S.West"
"2143","KN-00-15",1.157,"Kanungu","2016","S.West"
"2144","KN-00-16",1.0457,"Kanungu","2016","S.West"
"2145","KN-00-17",1.4673,"Kanungu","2016","S.West"
"2146","KN-00-18",1.0219,"Kanungu","2016","S.West"
"2147","KN-00-19",1.02,"Kanungu","2016","S.West"
"2148","KN-00-20",1.0638,"Kanungu","2016","S.West"
"2149","KN-00-21",1.0612,"Kanungu","2016","S.West"
"2150","KN-00-23",1.665,"Kanungu","2016","S.West"
"2151","KN-00-24",1.0376,"Kanungu","2016","S.West"
"2152","KN-00-25",1.0521,"Kanungu","2016","S.West"
"2153","KN-00-26",1.4271,"Kanungu","2016","S.West"
"2154","KN-00-27",1.3365,"Kanungu","2016","S.West"
"2155","KN-00-28",1.1363,"Kanungu","2016","S.West"
"2156","KN-00-31",1.0501,"Kanungu","2016","S.West"
"2157","KN-00-32",1.2227,"Kanungu","2016","S.West"
"2158","KN-00-33",1.1971,"Kanungu","2016","S.West"
"2159","KN-00-35",1.994,"Kanungu","2016","S.West"
"2160","KN-00-36",1.4525,"Kanungu","2016","S.West"
"2161","KN-00-37",1.2199,"Kanungu","2016","S.West"
"2162","KN-00-38",1.06,"Kanungu","2016","S.West"
"2163","KN-00-39",1.1591,"Kanungu","2016","S.West"
"2164","KN-00-41",1.014,"Kanungu","2016","S.West"
"2165","KN-00-42",1.1692,"Kanungu","2016","S.West"
"2166","KN-00-43",1.1106,"Kanungu","2016","S.West"
"2167","KN-00-44",1.049,"Kanungu","2016","S.West"
"2168","KN-00-45",1.0281,"Kanungu","2016","S.West"
"2169","KN-00-47",1.6657,"Kanungu","2016","S.West"
"2170","KN-00-48",1.2534,"Kanungu","2016","S.West"
"2171","KN-00-49",1.1294,"Kanungu","2016","S.West"
"2172","KN-02-01",1.2273,"Kanungu","2017","S.West"
"2173","KN-02-02",1.4601,"Kanungu","2017","S.West"
"2174","KN-02-03",1.3061,"Kanungu","2017","S.West"
"2175","KN-02-04",2.1804,"Kanungu","2017","S.West"
"2176","KN-02-05",1.1124,"Kanungu","2017","S.West"
"2177","KN-02-06",1.2474,"Kanungu","2017","S.West"
"2178","KN-02-08",1.0501,"Kanungu","2017","S.West"
"2179","KN-02-09",1.4449,"Kanungu","2017","S.West"
"2180","KN-02-11",1.2306,"Kanungu","2017","S.West"
"2181","KN-02-12",1.0419,"Kanungu","2017","S.West"
"2182","KN-02-13",1.8444,"Kanungu","2017","S.West"
"2183","KN-02-14",1.6129,"Kanungu","2017","S.West"
"2184","KN-02-15",2.6837,"Kanungu","2017","S.West"
"2185","KN-02-16",1.8367,"Kanungu","2017","S.West"
"2186","KN-02-17",1.1457,"Kanungu","2017","S.West"
"2187","KN-02-18",1.0455,"Kanungu","2017","S.West"
"2188","KN-02-19",1.0522,"Kanungu","2017","S.West"
"2189","KN-02-20",1.4174,"Kanungu","2017","S.West"
"2190","KN-02-21",1.6569,"Kanungu","2017","S.West"
"2191","KN-02-22",2.3872,"Kanungu","2017","S.West"
"2192","KN-02-23",3.5423,"Kanungu","2017","S.West"
"2193","KN-02-24",1.3812,"Kanungu","2017","S.West"
"2194","KN-02-25",1.2986,"Kanungu","2017","S.West"
"2195","KN-02-26",1.2581,"Kanungu","2017","S.West"
"2196","KN-02-27",1.0536,"Kanungu","2017","S.West"
"2197","KN-02-28",1.2918,"Kanungu","2017","S.West"
"2198","KN-02-29",1.0775,"Kanungu","2017","S.West"
"2199","KN-02-30",1.3181,"Kanungu","2017","S.West"
"2200","KN-02-31",1.987,"Kanungu","2017","S.West"
"2201","KN-02-32",1.0373,"Kanungu","2017","S.West"
"2202","KN-02-33",1.057,"Kanungu","2017","S.West"
"2203","KN-02-34",1.0468,"Kanungu","2017","S.West"
"2204","KN-02-35",2.529,"Kanungu","2017","S.West"
"2205","KN-02-36",1.0498,"Kanungu","2017","S.West"
"2206","KN-02-37",1.0482,"Kanungu","2017","S.West"
"2207","KN-02-38",1.3921,"Kanungu","2017","S.West"
"2208","KN-02-39",1.2962,"Kanungu","2017","S.West"
"2209","KN-02-40",1.0285,"Kanungu","2017","S.West"
"2210","KN-02-41",1.035,"Kanungu","2017","S.West"
"2211","KN-02-42",1.9334,"Kanungu","2017","S.West"
"2212","KN-02-43",1.7438,"Kanungu","2017","S.West"
"2213","KN-02-44",1.4096,"Kanungu","2017","S.West"
"2214","KN-02-45",2.7372,"Kanungu","2017","S.West"
"2215","KN-02-47",2.3912,"Kanungu","2017","S.West"
"2216","KN-02-48",1.6788,"Kanungu","2017","S.West"
"2217","KN-02-50",1.4181,"Kanungu","2017","S.West"
"2218","KN-05-02",1.655,"Kanungu","2020","S.West"
"2219","KN-05-03",1.0375,"Kanungu","2020","S.West"
"2220","KN-05-04",1.0353,"Kanungu","2020","S.West"
"2221","KN-05-05",1.0674,"Kanungu","2020","S.West"
"2222","KN-05-06",1.6899,"Kanungu","2020","S.West"
"2223","KN-05-07",1.5887,"Kanungu","2020","S.West"
"2224","KN-05-08",1.0536,"Kanungu","2020","S.West"
"2225","KN-05-09",1.4474,"Kanungu","2020","S.West"
"2226","KN-05-10",1.0469,"Kanungu","2020","S.West"
"2227","KN-05-100",1.0269,"Kanungu","2020","S.West"
"2228","KN-05-11",1.0362,"Kanungu","2020","S.West"
"2229","KN-05-12",1.0431,"Kanungu","2020","S.West"
"2230","KN-05-13",1.0168,"Kanungu","2020","S.West"
"2231","KN-05-15",1.04,"Kanungu","2020","S.West"
"2232","KN-05-16",1.0314,"Kanungu","2020","S.West"
"2233","KN-05-17",1.0484,"Kanungu","2020","S.West"
"2234","KN-05-18",1.0437,"Kanungu","2020","S.West"
"2235","KN-05-19",1.0465,"Kanungu","2020","S.West"
"2236","KN-05-20",1.0141,"Kanungu","2020","S.West"
"2237","KN-05-21",1.0563,"Kanungu","2020","S.West"
"2238","KN-05-22",1.045,"Kanungu","2020","S.West"
"2239","KN-05-23",1.5493,"Kanungu","2020","S.West"
"2240","KN-05-24",1.1554,"Kanungu","2020","S.West"
"2241","KN-05-25",1.0484,"Kanungu","2020","S.West"
"2242","KN-05-26",1.2246,"Kanungu","2020","S.West"
"2243","KN-05-27",1.0418,"Kanungu","2020","S.West"
"2244","KN-05-28",1,"Kanungu","2020","S.West"
"2245","KN-05-29",1.3984,"Kanungu","2020","S.West"
"2246","KN-05-30",1.0623,"Kanungu","2020","S.West"
"2247","KN-05-32",1.0304,"Kanungu","2020","S.West"
"2248","KN-05-33",1.0522,"Kanungu","2020","S.West"
"2249","KN-05-34",1.8556,"Kanungu","2020","S.West"
"2250","KN-05-35",1.3386,"Kanungu","2020","S.West"
"2251","KN-05-36",1.2435,"Kanungu","2020","S.West"
"2252","KN-05-39",1.0348,"Kanungu","2020","S.West"
"2253","KN-05-40",1.9162,"Kanungu","2020","S.West"
"2254","KN-05-41",1.2299,"Kanungu","2020","S.West"
"2255","KN-05-42",1.0125,"Kanungu","2020","S.West"
"2256","KN-05-43",1.0265,"Kanungu","2020","S.West"
"2257","KN-05-44",1.0606,"Kanungu","2020","S.West"
"2258","KN-05-46",1.0274,"Kanungu","2020","S.West"
"2259","KN-05-47",1.0398,"Kanungu","2020","S.West"
"2260","KN-05-48",1.0885,"Kanungu","2020","S.West"
"2261","KN-05-49",1.1678,"Kanungu","2020","S.West"
"2262","KN-05-51",1.182,"Kanungu","2020","S.West"
"2263","KN-05-52",1.0365,"Kanungu","2020","S.West"
"2264","KN-05-53",1.0175,"Kanungu","2020","S.West"
"2265","KN-05-55",1.0277,"Kanungu","2020","S.West"
"2266","KN-05-56",1.0396,"Kanungu","2020","S.West"
"2267","KN-05-57",1.2193,"Kanungu","2020","S.West"
"2268","KN-05-58",1.0588,"Kanungu","2020","S.West"
"2269","KN-05-61",1.0375,"Kanungu","2020","S.West"
"2270","KN-05-62",1.0388,"Kanungu","2020","S.West"
"2271","KN-05-63",1.0294,"Kanungu","2020","S.West"
"2272","KN-05-64",1.4758,"Kanungu","2020","S.West"
"2273","KN-05-65",1.0639,"Kanungu","2020","S.West"
"2274","KN-05-66",1.0588,"Kanungu","2020","S.West"
"2275","KN-05-67",2.2237,"Kanungu","2020","S.West"
"2276","KN-05-68",1.0155,"Kanungu","2020","S.West"
"2277","KN-05-69",1.6165,"Kanungu","2020","S.West"
"2278","KN-05-70",1.0356,"Kanungu","2020","S.West"
"2279","KN-05-71",1.0551,"Kanungu","2020","S.West"
"2280","KN-05-72",1.0468,"Kanungu","2020","S.West"
"2281","KN-05-73",1.1839,"Kanungu","2020","S.West"
"2282","KN-05-74",1.5589,"Kanungu","2020","S.West"
"2283","KN-05-75",1.2135,"Kanungu","2020","S.West"
"2284","KN-05-76",1.067,"Kanungu","2020","S.West"
"2285","KN-05-77",1.1238,"Kanungu","2020","S.West"
"2286","KN-05-78",1.0423,"Kanungu","2020","S.West"
"2287","KN-05-79",1.0318,"Kanungu","2020","S.West"
"2288","KN-05-81",1.0531,"Kanungu","2020","S.West"
"2289","KN-05-83",1.0215,"Kanungu","2020","S.West"
"2290","KN-05-84",1.0549,"Kanungu","2020","S.West"
"2291","KN-05-85",1.0444,"Kanungu","2020","S.West"
"2292","KN-05-86",1.0479,"Kanungu","2020","S.West"
"2293","KN-05-87",1.3522,"Kanungu","2020","S.West"
"2294","KN-05-90",1.0278,"Kanungu","2020","S.West"
"2295","KN-05-91",1.1268,"Kanungu","2020","S.West"
"2296","KN-05-92",1.0654,"Kanungu","2020","S.West"
"2297","KN-05-93",1.7933,"Kanungu","2020","S.West"
"2298","KN-05-95",1.144,"Kanungu","2020","S.West"
"2299","KN-05-97",1.3401,"Kanungu","2020","S.West"
"2300","KN-05-99",1.0919,"Kanungu","2020","S.West"
"2301","KN-06-76",1.0463,"Kanungu","2021","S.West"
"2302","KN-07-01",1.0132,"Kanungu","2022","S.West"
"2303","KN-07-03",1.02,"Kanungu","2022","S.West"
"2304","KN-07-04",1.0047,"Kanungu","2022","S.West"
"2305","KN-07-05",1.029,"Kanungu","2022","S.West"
"2306","KN-07-09",1.022,"Kanungu","2022","S.West"
"2307","KN-07-10",1.0196,"Kanungu","2022","S.West"
"2308","KN-07-100",2.2586,"Kanungu","2022","S.West"
"2309","KN-07-11",2.0597,"Kanungu","2022","S.West"
"2310","KN-07-12",1.2142,"Kanungu","2022","S.West"
"2311","KN-07-13",2.407,"Kanungu","2022","S.West"
"2312","KN-07-14",2.3453,"Kanungu","2022","S.West"
"2313","KN-07-15",2.4162,"Kanungu","2022","S.West"
"2314","KN-07-16",2.0811,"Kanungu","2022","S.West"
"2315","KN-07-17",1.0246,"Kanungu","2022","S.West"
"2316","KN-07-18",2.0789,"Kanungu","2022","S.West"
"2317","KN-07-19",1.0284,"Kanungu","2022","S.West"
"2318","KN-07-20",1.0316,"Kanungu","2022","S.West"
"2319","KN-07-21",1.0289,"Kanungu","2022","S.West"
"2320","KN-07-22",1.0249,"Kanungu","2022","S.West"
"2321","KN-07-23",1.0371,"Kanungu","2022","S.West"
"2322","KN-07-24",1.0331,"Kanungu","2022","S.West"
"2323","KN-07-25",1.0251,"Kanungu","2022","S.West"
"2324","KN-07-27",1.0293,"Kanungu","2022","S.West"
"2325","KN-07-45",1.0053,"Kanungu","2022","S.West"
"2326","KN-07-48",1.0132,"Kanungu","2022","S.West"
"2327","KN-07-49",1.0152,"Kanungu","2022","S.West"
"2328","KN-07-50",1.0293,"Kanungu","2022","S.West"
"2329","KN-07-52",1.0215,"Kanungu","2022","S.West"
"2330","KN-07-53",1.0093,"Kanungu","2022","S.West"
"2331","KN-07-55",1.0109,"Kanungu","2022","S.West"
"2332","KN-07-56",1.0111,"Kanungu","2022","S.West"
"2333","KN-07-58",1.0076,"Kanungu","2022","S.West"
"2334","KN-07-59",1.0218,"Kanungu","2022","S.West"
"2335","KN-07-62",1.1301,"Kanungu","2022","S.West"
"2336","KN-07-63",1.344,"Kanungu","2022","S.West"
"2337","KN-07-64",1.0215,"Kanungu","2022","S.West"
"2338","KN-07-65",1.2228,"Kanungu","2022","S.West"
"2339","KN-07-66",1.0253,"Kanungu","2022","S.West"
"2340","KN-07-67",1.0331,"Kanungu","2022","S.West"
"2341","KN-07-68",1.0283,"Kanungu","2022","S.West"
"2342","KN-07-69",1.0347,"Kanungu","2022","S.West"
"2343","KN-07-70",1.0347,"Kanungu","2022","S.West"
"2344","KN-07-71",1.0261,"Kanungu","2022","S.West"
"2345","KN-07-72",1.0398,"Kanungu","2022","S.West"
"2346","KN-07-73",1.6984,"Kanungu","2022","S.West"
"2347","KN-07-74",1.1433,"Kanungu","2022","S.West"
"2348","KN-07-75",1.0124,"Kanungu","2022","S.West"
"2349","KN-07-76",1.5367,"Kanungu","2022","S.West"
"2350","KN-07-78",1.0328,"Kanungu","2022","S.West"
"2351","KN-07-79",1.3426,"Kanungu","2022","S.West"
"2352","KN-07-81",1.0073,"Kanungu","2022","S.West"
"2353","KN-07-82",1.0686,"Kanungu","2022","S.West"
"2354","KN-07-83",1.5857,"Kanungu","2022","S.West"
"2355","KN-07-85",1.5974,"Kanungu","2022","S.West"
"2356","KN-07-86",1.8377,"Kanungu","2022","S.West"
"2357","KN-07-87",1.9529,"Kanungu","2022","S.West"
"2358","KN-07-88",1.007,"Kanungu","2022","S.West"
"2359","KN-07-89",2.3922,"Kanungu","2022","S.West"
"2360","KN-07-90",1.0323,"Kanungu","2022","S.West"
"2361","KN-07-91",1.0291,"Kanungu","2022","S.West"
"2362","KN-07-92",1.208,"Kanungu","2022","S.West"
"2363","KN-07-94",1.0235,"Kanungu","2022","S.West"
"2364","KO-00-02",1.398,"Kole","2016","North"
"2365","KO-00-03",1.364,"Kole","2016","North"
"2366","KO-00-04",1.6864,"Kole","2016","North"
"2367","KO-00-09",1.3442,"Kole","2016","North"
"2368","KO-00-10",1.6346,"Kole","2016","North"
"2369","KO-00-12",1.0628,"Kole","2016","North"
"2370","KO-00-14",1.0219,"Kole","2016","North"
"2371","KO-00-15",1.657,"Kole","2016","North"
"2372","KO-00-16",1.1552,"Kole","2016","North"
"2373","KO-00-17",1.4871,"Kole","2016","North"
"2374","KO-00-18",1.5031,"Kole","2016","North"
"2375","KO-00-19",1.6587,"Kole","2016","North"
"2376","KO-00-21",2.8873,"Kole","2016","North"
"2377","KO-00-22",2.8815,"Kole","2016","North"
"2378","KO-00-28",1.5524,"Kole","2016","North"
"2379","KO-00-29",2.512,"Kole","2016","North"
"2380","KO-00-30",1.1658,"Kole","2016","North"
"2381","KO-00-31",3.78,"Kole","2016","North"
"2382","KO-00-34",2.5717,"Kole","2016","North"
"2383","KO-00-35",2.9121,"Kole","2016","North"
"2384","KO-00-36",1.0646,"Kole","2016","North"
"2385","KO-00-41",1.5536,"Kole","2016","North"
"2386","KO-00-42",1.5036,"Kole","2016","North"
"2387","KO-00-43",2.9357,"Kole","2016","North"
"2388","KO-00-46",2.7645,"Kole","2016","North"
"2389","KO-00-48",1.089,"Kole","2016","North"
"2390","KO-00-49",1.0614,"Kole","2016","North"
"2391","KO-02-04",2.4283,"Kole","2017","North"
"2392","KO-02-05",2.0227,"Kole","2017","North"
"2393","KO-02-08",2.1033,"Kole","2017","North"
"2394","KO-02-11",1.4231,"Kole","2017","North"
"2395","KO-02-12",1.2846,"Kole","2017","North"
"2396","KO-02-13",3.7669,"Kole","2017","North"
"2397","KO-02-15",1.0748,"Kole","2017","North"
"2398","KO-02-16",2.3907,"Kole","2017","North"
"2399","KO-02-18",1.0475,"Kole","2017","North"
"2400","KO-02-19",2.5372,"Kole","2017","North"
"2401","KO-02-20",1.796,"Kole","2017","North"
"2402","KO-02-22",1.2724,"Kole","2017","North"
"2403","KO-02-23",4.3755,"Kole","2017","North"
"2404","KO-02-24",1.8744,"Kole","2017","North"
"2405","KO-02-25",1.1234,"Kole","2017","North"
"2406","KO-02-26",8.5731,"Kole","2017","North"
"2407","KO-02-29",1.7855,"Kole","2017","North"
"2408","KO-02-33",1.1541,"Kole","2017","North"
"2409","KO-02-34",1.1055,"Kole","2017","North"
"2410","KO-02-35",2.1248,"Kole","2017","North"
"2411","KO-02-37",1.5571,"Kole","2017","North"
"2412","KO-02-39",1.0551,"Kole","2017","North"
"2413","KO-02-40",1.0657,"Kole","2017","North"
"2414","KO-02-41",1.6069,"Kole","2017","North"
"2415","KO-02-42",1.8081,"Kole","2017","North"
"2416","KO-02-44",1.2963,"Kole","2017","North"
"2417","KO-02-45",3.0804,"Kole","2017","North"
"2418","KO-02-48",1.0328,"Kole","2017","North"
"2419","KO-02-49",1.0989,"Kole","2017","North"
"2420","KO-05-01",2.091,"Kole","2020","North"
"2421","KO-05-03",1.186,"Kole","2020","North"
"2422","KO-05-04",2.6699,"Kole","2020","North"
"2423","KO-05-05",2.1849,"Kole","2020","North"
"2424","KO-05-06",2.2698,"Kole","2020","North"
"2425","KO-05-08",1.892,"Kole","2020","North"
"2426","KO-05-09",2.0795,"Kole","2020","North"
"2427","KO-05-10",1.8796,"Kole","2020","North"
"2428","KO-05-100",1.1738,"Kole","2020","North"
"2429","KO-05-12",1.6703,"Kole","2020","North"
"2430","KO-05-13",2.4514,"Kole","2020","North"
"2431","KO-05-14",1.0475,"Kole","2020","North"
"2432","KO-05-15",1.0376,"Kole","2020","North"
"2433","KO-05-16",3.9674,"Kole","2020","North"
"2434","KO-05-18",1.3403,"Kole","2020","North"
"2435","KO-05-19",1.4089,"Kole","2020","North"
"2436","KO-05-20",1.8949,"Kole","2020","North"
"2437","KO-05-21",1.0313,"Kole","2020","North"
"2438","KO-05-24",1.1908,"Kole","2020","North"
"2439","KO-05-25",1.0391,"Kole","2020","North"
"2440","KO-05-27",1.0612,"Kole","2020","North"
"2441","KO-05-29",1.0305,"Kole","2020","North"
"2442","KO-05-32",1.4458,"Kole","2020","North"
"2443","KO-05-33",1.1996,"Kole","2020","North"
"2444","KO-05-34",1.2731,"Kole","2020","North"
"2445","KO-05-35",3.5396,"Kole","2020","North"
"2446","KO-05-36",3.1378,"Kole","2020","North"
"2447","KO-05-37",1.4911,"Kole","2020","North"
"2448","KO-05-39",3.0779,"Kole","2020","North"
"2449","KO-05-40",1.7919,"Kole","2020","North"
"2450","KO-05-45",1.5888,"Kole","2020","North"
"2451","KO-05-46",1.0613,"Kole","2020","North"
"2452","KO-05-48",1.337,"Kole","2020","North"
"2453","KO-05-49",1.0296,"Kole","2020","North"
"2454","KO-05-50",1.2695,"Kole","2020","North"
"2455","KO-05-53",1.0569,"Kole","2020","North"
"2456","KO-05-56",2.352,"Kole","2020","North"
"2457","KO-05-57",1.184,"Kole","2020","North"
"2458","KO-05-59",1.8344,"Kole","2020","North"
"2459","KO-05-60",1.6265,"Kole","2020","North"
"2460","KO-05-61",1.041,"Kole","2020","North"
"2461","KO-05-62",1.065,"Kole","2020","North"
"2462","KO-05-64",1.0545,"Kole","2020","North"
"2463","KO-05-65",1.3553,"Kole","2020","North"
"2464","KO-05-67",1.2014,"Kole","2020","North"
"2465","KO-05-68",1.3814,"Kole","2020","North"
"2466","KO-05-70",1.0401,"Kole","2020","North"
"2467","KO-05-75",1.0404,"Kole","2020","North"
"2468","KO-05-76",1.0226,"Kole","2020","North"
"2469","KO-05-77",1.0889,"Kole","2020","North"
"2470","KO-05-78",1.5998,"Kole","2020","North"
"2471","KO-05-80",1.0306,"Kole","2020","North"
"2472","KO-05-81",1.6933,"Kole","2020","North"
"2473","KO-05-82",2.0117,"Kole","2020","North"
"2474","KO-05-83",1.2912,"Kole","2020","North"
"2475","KO-05-84",1.1085,"Kole","2020","North"
"2476","KO-05-86",1.0231,"Kole","2020","North"
"2477","KO-05-87",1.656,"Kole","2020","North"
"2478","KO-05-88",1.1124,"Kole","2020","North"
"2479","KO-05-90",1.2057,"Kole","2020","North"
"2480","KO-05-91",1.1777,"Kole","2020","North"
"2481","KO-05-95",1.2341,"Kole","2020","North"
"2482","KO-05-96",1.0027,"Kole","2020","North"
"2483","KO-05-98",3.5208,"Kole","2020","North"
"2484","KO-05-99",2.8952,"Kole","2020","North"
"2485","KO-06-04",1.016,"Kole","2021","North"
"2486","KO-06-07",1.0302,"Kole","2021","North"
"2487","KO-06-12",1.0207,"Kole","2021","North"
"2488","KO-06-23",1.0133,"Kole","2021","North"
"2489","KO-06-29",1.0084,"Kole","2021","North"
"2490","KO-06-31",1.1072,"Kole","2021","North"
"2491","KO-06-39",1.1921,"Kole","2021","North"
"2492","KO-06-46",1.1494,"Kole","2021","North"
"2493","KO-06-47",1.0694,"Kole","2021","North"
"2494","KO-06-54",1.1164,"Kole","2021","North"
"2495","KO-06-63",1.0906,"Kole","2021","North"
"2496","KO-06-66",1.0039,"Kole","2021","North"
"2497","KO-06-71",1.0278,"Kole","2021","North"
"2498","KO-06-73",1.2304,"Kole","2021","North"
"2499","KO-06-77",1.0805,"Kole","2021","North"
"2500","KO-06-82",1.1105,"Kole","2021","North"
"2501","KO-06-83",1.1221,"Kole","2021","North"
"2502","KO-06-84",1.186,"Kole","2021","North"
"2503","KO-07-01",1.1372,"Kole","2022","North"
"2504","KO-07-03",1.0128,"Kole","2022","North"
"2505","KO-07-06",1.4532,"Kole","2022","North"
"2506","KO-07-13",1.2281,"Kole","2022","North"
"2507","KO-07-16",1.0181,"Kole","2022","North"
"2508","KO-07-19",1.1329,"Kole","2022","North"
"2509","KO-07-20",1.0683,"Kole","2022","North"
"2510","KO-07-23",1.0812,"Kole","2022","North"
"2511","KO-07-30",1.0278,"Kole","2022","North"
"2512","KO-07-34",1.0888,"Kole","2022","North"
"2513","KO-07-36",1.0806,"Kole","2022","North"
"2514","KO-07-40",1.0324,"Kole","2022","North"
"2515","KO-07-41",1.2426,"Kole","2022","North"
"2516","KO-07-44",1.1317,"Kole","2022","North"
"2517","KO-07-45",1.3864,"Kole","2022","North"
"2518","KO-07-46",2.0117,"Kole","2022","North"
"2519","KO-07-48",1.4132,"Kole","2022","North"
"2520","KO-07-50",1.0399,"Kole","2022","North"
"2521","KO-07-51",1.4011,"Kole","2022","North"
"2522","KO-07-52",1.819,"Kole","2022","North"
"2523","KO-07-53",1.0292,"Kole","2022","North"
"2524","KO-07-57",1.0731,"Kole","2022","North"
"2525","KO-07-61",1.1222,"Kole","2022","North"
"2526","KO-07-62",1.1774,"Kole","2022","North"
"2527","KO-07-69",1.1539,"Kole","2022","North"
"2528","KO-07-72",1.1836,"Kole","2022","North"
"2529","KO-07-73",1.0251,"Kole","2022","North"
"2530","KO-07-74",1.0186,"Kole","2022","North"
"2531","KO-07-75",1.634,"Kole","2022","North"
"2532","KO-07-79",2.7762,"Kole","2022","North"
"2533","KO-07-80",2.0537,"Kole","2022","North"
"2534","KO-07-81",1.0515,"Kole","2022","North"
"2535","KO-07-82",1.2239,"Kole","2022","North"
"2536","KO-07-84",1.1138,"Kole","2022","North"
"2537","KO-07-88",1.0423,"Kole","2022","North"
"2538","KO-07-90",1.2307,"Kole","2022","North"
"2539","KO-07-92",1.0186,"Kole","2022","North"
"2540","KO-07-99",1.1087,"Kole","2022","North"
"2541","KS-05-01",1.3327,"Kasese","2020","S.West"
"2542","KS-05-02",1.0367,"Kasese","2020","S.West"
"2543","KS-05-03",1.0473,"Kasese","2020","S.West"
"2544","KS-05-04",1.0366,"Kasese","2020","S.West"
"2545","KS-05-05",1.1152,"Kasese","2020","S.West"
"2546","KS-05-06",1.021,"Kasese","2020","S.West"
"2547","KS-05-07",1.3346,"Kasese","2020","S.West"
"2548","KS-05-08",1.3308,"Kasese","2020","S.West"
"2549","KS-05-09",1.524,"Kasese","2020","S.West"
"2550","KS-05-10",1.0341,"Kasese","2020","S.West"
"2551","KS-05-100",1.0221,"Kasese","2020","S.West"
"2552","KS-05-11",1.0939,"Kasese","2020","S.West"
"2553","KS-05-12",1.5377,"Kasese","2020","S.West"
"2554","KS-05-14",2.3538,"Kasese","2020","S.West"
"2555","KS-05-15",1.1809,"Kasese","2020","S.West"
"2556","KS-05-16",1.7538,"Kasese","2020","S.West"
"2557","KS-05-17",1.0365,"Kasese","2020","S.West"
"2558","KS-05-18",1.9799,"Kasese","2020","S.West"
"2559","KS-05-20",1.0346,"Kasese","2020","S.West"
"2560","KS-05-23",1.3594,"Kasese","2020","S.West"
"2561","KS-05-25",1.0366,"Kasese","2020","S.West"
"2562","KS-05-26",1.0308,"Kasese","2020","S.West"
"2563","KS-05-27",1.0207,"Kasese","2020","S.West"
"2564","KS-05-28",1.0437,"Kasese","2020","S.West"
"2565","KS-05-30",1.5583,"Kasese","2020","S.West"
"2566","KS-05-31",1.0347,"Kasese","2020","S.West"
"2567","KS-05-33",1.213,"Kasese","2020","S.West"
"2568","KS-05-34",1.1379,"Kasese","2020","S.West"
"2569","KS-05-38",1.0519,"Kasese","2020","S.West"
"2570","KS-05-39",3.1665,"Kasese","2020","S.West"
"2571","KS-05-41",1.0536,"Kasese","2020","S.West"
"2572","KS-05-43",1.044,"Kasese","2020","S.West"
"2573","KS-05-44",1.7571,"Kasese","2020","S.West"
"2574","KS-05-45",1.1332,"Kasese","2020","S.West"
"2575","KS-05-46",1.0512,"Kasese","2020","S.West"
"2576","KS-05-47",1.2337,"Kasese","2020","S.West"
"2577","KS-05-48",1.9383,"Kasese","2020","S.West"
"2578","KS-05-49",1.0288,"Kasese","2020","S.West"
"2579","KS-05-50",1.035,"Kasese","2020","S.West"
"2580","KS-05-51",1.1845,"Kasese","2020","S.West"
"2581","KS-05-53",1.7859,"Kasese","2020","S.West"
"2582","KS-05-54",1.0225,"Kasese","2020","S.West"
"2583","KS-05-55",1.1551,"Kasese","2020","S.West"
"2584","KS-05-56",1.9318,"Kasese","2020","S.West"
"2585","KS-05-57",1.0227,"Kasese","2020","S.West"
"2586","KS-05-58",1.0425,"Kasese","2020","S.West"
"2587","KS-05-59",1.0234,"Kasese","2020","S.West"
"2588","KS-05-61",1.0524,"Kasese","2020","S.West"
"2589","KS-05-62",1.0589,"Kasese","2020","S.West"
"2590","KS-05-64",1.0319,"Kasese","2020","S.West"
"2591","KS-05-65",1.7618,"Kasese","2020","S.West"
"2592","KS-05-67",1.0181,"Kasese","2020","S.West"
"2593","KS-05-69",1.058,"Kasese","2020","S.West"
"2594","KS-05-70",1.0383,"Kasese","2020","S.West"
"2595","KS-05-72",2.5276,"Kasese","2020","S.West"
"2596","KS-05-73",1.0318,"Kasese","2020","S.West"
"2597","KS-05-74",1.0482,"Kasese","2020","S.West"
"2598","KS-05-76",1.0473,"Kasese","2020","S.West"
"2599","KS-05-78",1.0352,"Kasese","2020","S.West"
"2600","KS-05-79",1.034,"Kasese","2020","S.West"
"2601","KS-05-80",1.0323,"Kasese","2020","S.West"
"2602","KS-05-81",1.1018,"Kasese","2020","S.West"
"2603","KS-05-82",1.0203,"Kasese","2020","S.West"
"2604","KS-05-83",1.0257,"Kasese","2020","S.West"
"2605","KS-05-85",1.0302,"Kasese","2020","S.West"
"2606","KS-05-88",1.0367,"Kasese","2020","S.West"
"2607","KS-05-91",1.0408,"Kasese","2020","S.West"
"2608","KS-05-92",1.0996,"Kasese","2020","S.West"
"2609","KS-05-93",1.0799,"Kasese","2020","S.West"
"2610","KS-05-94",1.0323,"Kasese","2020","S.West"
"2611","KS-05-95",1.0126,"Kasese","2020","S.West"
"2612","KS-05-96",1.0299,"Kasese","2020","S.West"
"2613","KS-05-98",1.1131,"Kasese","2020","S.West"
"2614","KS-05-99",1.0305,"Kasese","2020","S.West"
"2615","KS-06-11",1.0272,"Kasese","2021","S.West"
"2616","KS-06-17",1.008,"Kasese","2021","S.West"
"2617","KS-06-25",1.0123,"Kasese","2021","S.West"
"2618","KS-06-39",1.0301,"Kasese","2021","S.West"
"2619","KS-06-40",1.1758,"Kasese","2021","S.West"
"2620","KS-06-43",1.0271,"Kasese","2021","S.West"
"2621","KS-06-48",1.0244,"Kasese","2021","S.West"
"2622","KS-06-54",1.1095,"Kasese","2021","S.West"
"2623","KS-06-59",1.0553,"Kasese","2021","S.West"
"2624","KS-06-67",1.007,"Kasese","2021","S.West"
"2625","KS-06-72",1.1587,"Kasese","2021","S.West"
"2626","KS-07-01",2.8547,"Kasese","2022","S.West"
"2627","KS-07-02",1.6713,"Kasese","2022","S.West"
"2628","KS-07-03",2.7345,"Kasese","2022","S.West"
"2629","KS-07-04",1.1616,"Kasese","2022","S.West"
"2630","KS-07-05",2.0437,"Kasese","2022","S.West"
"2631","KS-07-06",1.9878,"Kasese","2022","S.West"
"2632","KS-07-07",1.4432,"Kasese","2022","S.West"
"2633","KS-07-08",1.0334,"Kasese","2022","S.West"
"2634","KS-07-09",1.1768,"Kasese","2022","S.West"
"2635","KS-07-10",1.0384,"Kasese","2022","S.West"
"2636","KS-07-100",1.0465,"Kasese","2022","S.West"
"2637","KS-07-12",1.3418,"Kasese","2022","S.West"
"2638","KS-07-13",1.4509,"Kasese","2022","S.West"
"2639","KS-07-14",1.816,"Kasese","2022","S.West"
"2640","KS-07-15",1.8752,"Kasese","2022","S.West"
"2641","KS-07-16",1.1384,"Kasese","2022","S.West"
"2642","KS-07-17",1.5919,"Kasese","2022","S.West"
"2643","KS-07-18",1.0467,"Kasese","2022","S.West"
"2644","KS-07-19",2.6138,"Kasese","2022","S.West"
"2645","KS-07-20",1.1612,"Kasese","2022","S.West"
"2646","KS-07-21",1.087,"Kasese","2022","S.West"
"2647","KS-07-22",3.2618,"Kasese","2022","S.West"
"2648","KS-07-23",2.0407,"Kasese","2022","S.West"
"2649","KS-07-24",1.5635,"Kasese","2022","S.West"
"2650","KS-07-25",1.8714,"Kasese","2022","S.West"
"2651","KS-07-26",2.2579,"Kasese","2022","S.West"
"2652","KS-07-27",1.3603,"Kasese","2022","S.West"
"2653","KS-07-28",1.1225,"Kasese","2022","S.West"
"2654","KS-07-29",1.6303,"Kasese","2022","S.West"
"2655","KS-07-30",1.3972,"Kasese","2022","S.West"
"2656","KS-07-31",1.035,"Kasese","2022","S.West"
"2657","KS-07-32",1.1698,"Kasese","2022","S.West"
"2658","KS-07-33",1.0558,"Kasese","2022","S.West"
"2659","KS-07-34",1.1853,"Kasese","2022","S.West"
"2660","KS-07-35",1.3361,"Kasese","2022","S.West"
"2661","KS-07-36",1.3521,"Kasese","2022","S.West"
"2662","KS-07-38",1.0796,"Kasese","2022","S.West"
"2663","KS-07-39",1.0682,"Kasese","2022","S.West"
"2664","KS-07-40",2.9443,"Kasese","2022","S.West"
"2665","KS-07-41",3.3825,"Kasese","2022","S.West"
"2666","KS-07-42",2.6948,"Kasese","2022","S.West"
"2667","KS-07-43",1.2923,"Kasese","2022","S.West"
"2668","KS-07-44",2.4228,"Kasese","2022","S.West"
"2669","KS-07-45",1.681,"Kasese","2022","S.West"
"2670","KS-07-46",1.0993,"Kasese","2022","S.West"
"2671","KS-07-47",1.6578,"Kasese","2022","S.West"
"2672","KS-07-48",1.0892,"Kasese","2022","S.West"
"2673","KS-07-49",2.0389,"Kasese","2022","S.West"
"2674","KS-07-50",1.4874,"Kasese","2022","S.West"
"2675","KS-07-51",1.8797,"Kasese","2022","S.West"
"2676","KS-07-52",1.4346,"Kasese","2022","S.West"
"2677","KS-07-54",1.4918,"Kasese","2022","S.West"
"2678","KS-07-55",1.4988,"Kasese","2022","S.West"
"2679","KS-07-57",1.4515,"Kasese","2022","S.West"
"2680","KS-07-58",2.1533,"Kasese","2022","S.West"
"2681","KS-07-59",1.3115,"Kasese","2022","S.West"
"2682","KS-07-60",1.0896,"Kasese","2022","S.West"
"2683","KS-07-61",1.0561,"Kasese","2022","S.West"
"2684","KS-07-62",2.077,"Kasese","2022","S.West"
"2685","KS-07-63",1.0268,"Kasese","2022","S.West"
"2686","KS-07-64",2.5267,"Kasese","2022","S.West"
"2687","KS-07-65",1.5564,"Kasese","2022","S.West"
"2688","KS-07-66",1.233,"Kasese","2022","S.West"
"2689","KS-07-67",1.8831,"Kasese","2022","S.West"
"2690","KS-07-68",1.0906,"Kasese","2022","S.West"
"2691","KS-07-69",1.029,"Kasese","2022","S.West"
"2692","KS-07-70",1.0199,"Kasese","2022","S.West"
"2693","KS-07-71",1.4144,"Kasese","2022","S.West"
"2694","KS-07-72",1.6361,"Kasese","2022","S.West"
"2695","KS-07-74",1.4733,"Kasese","2022","S.West"
"2696","KS-07-75",1.699,"Kasese","2022","S.West"
"2697","KS-07-76",1.5014,"Kasese","2022","S.West"
"2698","KS-07-79",2.8497,"Kasese","2022","S.West"
"2699","KS-07-80",1.2733,"Kasese","2022","S.West"
"2700","KS-07-81",2.1248,"Kasese","2022","S.West"
"2701","KS-07-84",1.2579,"Kasese","2022","S.West"
"2702","KS-07-85",1.0305,"Kasese","2022","S.West"
"2703","KS-07-86",2.2707,"Kasese","2022","S.West"
"2704","KS-07-88",1.7905,"Kasese","2022","S.West"
"2705","KS-07-91",2.3928,"Kasese","2022","S.West"
"2706","KS-07-93",1.1639,"Kasese","2022","S.West"
"2707","KS-07-94",1.0218,"Kasese","2022","S.West"
"2708","KS-07-95",1.2404,"Kasese","2022","S.West"
"2709","KS-07-97",1.0371,"Kasese","2022","S.West"
"2710","KS-07-98",1.7298,"Kasese","2022","S.West"
"2711","KS-07-99",1.3775,"Kasese","2022","S.West"
"2712","KTK-05-01",1.1342,"Katakwi","2020","East"
"2713","KTK-05-02",1.2587,"Katakwi","2020","East"
"2714","KTK-05-03",1.266,"Katakwi","2020","East"
"2715","KTK-05-04",2.4317,"Katakwi","2020","East"
"2716","KTK-05-05",1.0552,"Katakwi","2020","East"
"2717","KTK-05-06",1.0489,"Katakwi","2020","East"
"2718","KTK-05-07",2.3071,"Katakwi","2020","East"
"2719","KTK-05-09",1.2456,"Katakwi","2020","East"
"2720","KTK-05-10",1.008,"Katakwi","2020","East"
"2721","KTK-05-14",2.3485,"Katakwi","2020","East"
"2722","KTK-05-16",1.0179,"Katakwi","2020","East"
"2723","KTK-05-17",1.1678,"Katakwi","2020","East"
"2724","KTK-05-18",2.1312,"Katakwi","2020","East"
"2725","KTK-05-20",1.0426,"Katakwi","2020","East"
"2726","KTK-05-21",1.0252,"Katakwi","2020","East"
"2727","KTK-05-22",1.03,"Katakwi","2020","East"
"2728","KTK-05-24",1.0527,"Katakwi","2020","East"
"2729","KTK-05-25",1.1019,"Katakwi","2020","East"
"2730","KTK-05-28",1.1244,"Katakwi","2020","East"
"2731","KTK-05-30",1.0438,"Katakwi","2020","East"
"2732","KTK-05-31",2.0947,"Katakwi","2020","East"
"2733","KTK-05-32",1.0093,"Katakwi","2020","East"
"2734","KTK-05-41",1.0545,"Katakwi","2020","East"
"2735","KTK-05-43",1.0652,"Katakwi","2020","East"
"2736","KTK-05-44",1.2556,"Katakwi","2020","East"
"2737","KTK-05-45",1.0052,"Katakwi","2020","East"
"2738","KTK-05-47",1.1652,"Katakwi","2020","East"
"2739","KTK-05-49",1.8204,"Katakwi","2020","East"
"2740","KTK-05-52",1.0668,"Katakwi","2020","East"
"2741","KTK-05-53",1.7713,"Katakwi","2020","East"
"2742","KTK-05-54",1.1271,"Katakwi","2020","East"
"2743","KTK-05-55",1.0091,"Katakwi","2020","East"
"2744","KTK-05-56",1.0352,"Katakwi","2020","East"
"2745","KTK-05-57",1.0055,"Katakwi","2020","East"
"2746","KTK-05-59",1.167,"Katakwi","2020","East"
"2747","KTK-05-62",1.6967,"Katakwi","2020","East"
"2748","KTK-05-63",1.0731,"Katakwi","2020","East"
"2749","KTK-05-64",1.1311,"Katakwi","2020","East"
"2750","KTK-05-65",2.702,"Katakwi","2020","East"
"2751","KTK-05-66",1.3886,"Katakwi","2020","East"
"2752","KTK-05-67",1.0933,"Katakwi","2020","East"
"2753","KTK-05-68",1.156,"Katakwi","2020","East"
"2754","KTK-05-74",1.0068,"Katakwi","2020","East"
"2755","KTK-05-77",1.0081,"Katakwi","2020","East"
"2756","KTK-05-78",1.3421,"Katakwi","2020","East"
"2757","KTK-05-79",1.0244,"Katakwi","2020","East"
"2758","KTK-05-80",1.0812,"Katakwi","2020","East"
"2759","KTK-05-85",1.1034,"Katakwi","2020","East"
"2760","KTK-05-89",1.0327,"Katakwi","2020","East"
"2761","KTK-05-90",1.2863,"Katakwi","2020","East"
"2762","KTK-05-92",1.0238,"Katakwi","2020","East"
"2763","KTK-05-96",1.0459,"Katakwi","2020","East"
"2764","KTK-05-97",1.0346,"Katakwi","2020","East"
"2765","KTK-05-98",1.0247,"Katakwi","2020","East"
"2766","KTK-05-99",1.1008,"Katakwi","2020","East"
"2767","KTK-06-05",1.1531,"Katakwi","2021","East"
"2768","KTK-06-08",1.1593,"Katakwi","2021","East"
"2769","KTK-06-11",1.0212,"Katakwi","2021","East"
"2770","KTK-06-14",1.1337,"Katakwi","2021","East"
"2771","KTK-06-15",1,"Katakwi","2021","East"
"2772","KTK-06-16",1.1789,"Katakwi","2021","East"
"2773","KTK-06-17",1.1612,"Katakwi","2021","East"
"2774","KTK-06-32",1.0279,"Katakwi","2021","East"
"2775","KTK-06-36",1.0477,"Katakwi","2021","East"
"2776","KTK-06-48",1.011,"Katakwi","2021","East"
"2777","KTK-06-58",1.0479,"Katakwi","2021","East"
"2778","KTK-06-67",1.1144,"Katakwi","2021","East"
"2779","KTK-06-71",1.1114,"Katakwi","2021","East"
"2780","KTK-06-76",1.0252,"Katakwi","2021","East"
"2781","KTK-06-79",1.0164,"Katakwi","2021","East"
"2782","KTK-06-85",1.0394,"Katakwi","2021","East"
"2783","KTK-06-86",1.173,"Katakwi","2021","East"
"2784","KTK-06-98",1.0058,"Katakwi","2021","East"
"2785","KTK-07-01",1.2084,"Katakwi","2022","East"
"2786","KTK-07-03",1.693,"Katakwi","2022","East"
"2787","KTK-07-04",1.0214,"Katakwi","2022","East"
"2788","KTK-07-05",1.0207,"Katakwi","2022","East"
"2789","KTK-07-06",1.098,"Katakwi","2022","East"
"2790","KTK-07-08",1.196,"Katakwi","2022","East"
"2791","KTK-07-09",1.0437,"Katakwi","2022","East"
"2792","KTK-07-11",1.1604,"Katakwi","2022","East"
"2793","KTK-07-12",2.0236,"Katakwi","2022","East"
"2794","KTK-07-13",1.2834,"Katakwi","2022","East"
"2795","KTK-07-16",1.0531,"Katakwi","2022","East"
"2796","KTK-07-17",1.0886,"Katakwi","2022","East"
"2797","KTK-07-18",1.2045,"Katakwi","2022","East"
"2798","KTK-07-19",1.8451,"Katakwi","2022","East"
"2799","KTK-07-23",1.0724,"Katakwi","2022","East"
"2800","KTK-07-24",1.9889,"Katakwi","2022","East"
"2801","KTK-07-25",1.0613,"Katakwi","2022","East"
"2802","KTK-07-27",1.034,"Katakwi","2022","East"
"2803","KTK-07-28",1.3321,"Katakwi","2022","East"
"2804","KTK-07-29",1.1001,"Katakwi","2022","East"
"2805","KTK-07-31",1.0183,"Katakwi","2022","East"
"2806","KTK-07-32",1.088,"Katakwi","2022","East"
"2807","KTK-07-33",1.3082,"Katakwi","2022","East"
"2808","KTK-07-34",1.0748,"Katakwi","2022","East"
"2809","KTK-07-35",2.1615,"Katakwi","2022","East"
"2810","KTK-07-38",1.0706,"Katakwi","2022","East"
"2811","KTK-07-39",1.3368,"Katakwi","2022","East"
"2812","KTK-07-40",1.2511,"Katakwi","2022","East"
"2813","KTK-07-42",1.0448,"Katakwi","2022","East"
"2814","KTK-07-43",1.3206,"Katakwi","2022","East"
"2815","KTK-07-45",1.0377,"Katakwi","2022","East"
"2816","KTK-07-46",1.0536,"Katakwi","2022","East"
"2817","KTK-07-47",1.1327,"Katakwi","2022","East"
"2818","KTK-07-48",2.0968,"Katakwi","2022","East"
"2819","KTK-07-49",2.1736,"Katakwi","2022","East"
"2820","KTK-07-50",1.1358,"Katakwi","2022","East"
"2821","KTK-07-51",1.3345,"Katakwi","2022","East"
"2822","KTK-07-52",1.0238,"Katakwi","2022","East"
"2823","KTK-07-53",1.0239,"Katakwi","2022","East"
"2824","KTK-07-55",1.0352,"Katakwi","2022","East"
"2825","KTK-07-57",1.1051,"Katakwi","2022","East"
"2826","KTK-07-58",1.0251,"Katakwi","2022","East"
"2827","KTK-07-61",2.1838,"Katakwi","2022","East"
"2828","KTK-07-62",1.3898,"Katakwi","2022","East"
"2829","KTK-07-63",1.0362,"Katakwi","2022","East"
"2830","KTK-07-64",1.5921,"Katakwi","2022","East"
"2831","KTK-07-65",1.0273,"Katakwi","2022","East"
"2832","KTK-07-66",1.6821,"Katakwi","2022","East"
"2833","KTK-07-67",1.1592,"Katakwi","2022","East"
"2834","KTK-07-68",1.1616,"Katakwi","2022","East"
"2835","KTK-07-69",1.6709,"Katakwi","2022","East"
"2836","KTK-07-70",1.2876,"Katakwi","2022","East"
"2837","KTK-07-71",1.0535,"Katakwi","2022","East"
"2838","KTK-07-72",1.0622,"Katakwi","2022","East"
"2839","KTK-07-73",1.0325,"Katakwi","2022","East"
"2840","KTK-07-75",1.0409,"Katakwi","2022","East"
"2841","KTK-07-76",1.0466,"Katakwi","2022","East"
"2842","KTK-07-77",1.0527,"Katakwi","2022","East"
"2843","KTK-07-78",1.0265,"Katakwi","2022","East"
"2844","KTK-07-79",1.1115,"Katakwi","2022","East"
"2845","KTK-07-80",1.052,"Katakwi","2022","East"
"2846","KTK-07-81",1.3285,"Katakwi","2022","East"
"2847","KTK-07-82",1.4172,"Katakwi","2022","East"
"2848","KTK-07-83",1.1205,"Katakwi","2022","East"
"2849","KTK-07-84",1.0072,"Katakwi","2022","East"
"2850","KTK-07-85",1.1235,"Katakwi","2022","East"
"2851","KTK-07-86",1.0173,"Katakwi","2022","East"
"2852","KTK-07-87",1.3042,"Katakwi","2022","East"
"2853","KTK-07-88",1.2071,"Katakwi","2022","East"
"2854","KTK-07-89",1.058,"Katakwi","2022","East"
"2855","KTK-07-91",1.0456,"Katakwi","2022","East"
"2856","KTK-07-93",1.0877,"Katakwi","2022","East"
"2857","KTK-07-94",1.4915,"Katakwi","2022","East"
"2858","KTK-07-95",1.0524,"Katakwi","2022","East"
"2859","KTK-07-96",2.1267,"Katakwi","2022","East"
"2860","KTK-07-97",1.0683,"Katakwi","2022","East"
"2861","KTK-07-98",1.0288,"Katakwi","2022","East"
"2862","KTK-07-99",1.8207,"Katakwi","2022","East"
"2863","LA-00-01",1.1716,"Lamwo","2016","North"
"2864","LA-00-02",1.0366,"Lamwo","2016","North"
"2865","LA-00-03",1.3532,"Lamwo","2016","North"
"2866","LA-00-04",1.1948,"Lamwo","2016","North"
"2867","LA-00-06",1.3369,"Lamwo","2016","North"
"2868","LA-00-07",1.7948,"Lamwo","2016","North"
"2869","LA-00-08",1.1308,"Lamwo","2016","North"
"2870","LA-00-12",1.4955,"Lamwo","2016","North"
"2871","LA-00-14",1.0432,"Lamwo","2016","North"
"2872","LA-00-15",2.1818,"Lamwo","2016","North"
"2873","LA-00-16",1.2314,"Lamwo","2016","North"
"2874","LA-00-17",1.1994,"Lamwo","2016","North"
"2875","LA-00-19",1.0463,"Lamwo","2016","North"
"2876","LA-00-20",2.5364,"Lamwo","2016","North"
"2877","LA-00-22",1.2189,"Lamwo","2016","North"
"2878","LA-00-23",1.0661,"Lamwo","2016","North"
"2879","LA-00-24",1.0438,"Lamwo","2016","North"
"2880","LA-00-26",1.7565,"Lamwo","2016","North"
"2881","LA-00-27",1.8443,"Lamwo","2016","North"
"2882","LA-00-28",1.1811,"Lamwo","2016","North"
"2883","LA-00-29",1.2165,"Lamwo","2016","North"
"2884","LA-00-31",1.2003,"Lamwo","2016","North"
"2885","LA-00-34",1.0637,"Lamwo","2016","North"
"2886","LA-00-35",1.0117,"Lamwo","2016","North"
"2887","LA-00-36",2.9413,"Lamwo","2016","North"
"2888","LA-00-38",1.0327,"Lamwo","2016","North"
"2889","LA-00-42",1.5288,"Lamwo","2016","North"
"2890","LA-00-43",1.1441,"Lamwo","2016","North"
"2891","LA-00-44",1.2933,"Lamwo","2016","North"
"2892","LA-00-46",1.0353,"Lamwo","2016","North"
"2893","LA-00-48",1.1125,"Lamwo","2016","North"
"2894","LA-02-01",1.3593,"Lamwo","2017","North"
"2895","LA-02-05",1.0332,"Lamwo","2017","North"
"2896","LA-02-07",1.4658,"Lamwo","2017","North"
"2897","LA-02-08",1.0943,"Lamwo","2017","North"
"2898","LA-02-09",3.108,"Lamwo","2017","North"
"2899","LA-02-10",1.4635,"Lamwo","2017","North"
"2900","LA-02-11",1.0442,"Lamwo","2017","North"
"2901","LA-02-12",1.2433,"Lamwo","2017","North"
"2902","LA-02-13",2.111,"Lamwo","2017","North"
"2903","LA-02-15",2.332,"Lamwo","2017","North"
"2904","LA-02-16",1.1304,"Lamwo","2017","North"
"2905","LA-02-17",1.0358,"Lamwo","2017","North"
"2906","LA-02-18",1.4733,"Lamwo","2017","North"
"2907","LA-02-19",2.0104,"Lamwo","2017","North"
"2908","LA-02-20",1.0283,"Lamwo","2017","North"
"2909","LA-02-21",2.8251,"Lamwo","2017","North"
"2910","LA-02-23",2.0695,"Lamwo","2017","North"
"2911","LA-02-26",2.6152,"Lamwo","2017","North"
"2912","LA-02-33",2.4525,"Lamwo","2017","North"
"2913","LA-02-34",1.2792,"Lamwo","2017","North"
"2914","LA-02-36",1.0453,"Lamwo","2017","North"
"2915","LA-02-37",1.3305,"Lamwo","2017","North"
"2916","LA-02-39",1.0487,"Lamwo","2017","North"
"2917","LA-02-40",3.6359,"Lamwo","2017","North"
"2918","LA-02-42",3.1753,"Lamwo","2017","North"
"2919","LA-02-46",1.6571,"Lamwo","2017","North"
"2920","LA-02-48",1.8187,"Lamwo","2017","North"
"2921","LA-02-49",1.8887,"Lamwo","2017","North"
"2922","LA-05-02",2.5539,"Lamwo","2020","North"
"2923","LA-05-03",1.5797,"Lamwo","2020","North"
"2924","LA-05-04",1.0755,"Lamwo","2020","North"
"2925","LA-05-05",1.3932,"Lamwo","2020","North"
"2926","LA-05-07",1.0103,"Lamwo","2020","North"
"2927","LA-05-08",1.6215,"Lamwo","2020","North"
"2928","LA-05-10",1.0508,"Lamwo","2020","North"
"2929","LA-05-100",2.6927,"Lamwo","2020","North"
"2930","LA-05-16",1.0423,"Lamwo","2020","North"
"2931","LA-05-17",1.0443,"Lamwo","2020","North"
"2932","LA-05-20",1.6426,"Lamwo","2020","North"
"2933","LA-05-22",2.2488,"Lamwo","2020","North"
"2934","LA-05-23",1.0369,"Lamwo","2020","North"
"2935","LA-05-24",1.2524,"Lamwo","2020","North"
"2936","LA-05-26",3.0462,"Lamwo","2020","North"
"2937","LA-05-28",1.3166,"Lamwo","2020","North"
"2938","LA-05-29",1.0795,"Lamwo","2020","North"
"2939","LA-05-30",1.1972,"Lamwo","2020","North"
"2940","LA-05-31",1.7886,"Lamwo","2020","North"
"2941","LA-05-32",1.3509,"Lamwo","2020","North"
"2942","LA-05-35",1.0815,"Lamwo","2020","North"
"2943","LA-05-36",1.089,"Lamwo","2020","North"
"2944","LA-05-37",1.3628,"Lamwo","2020","North"
"2945","LA-05-39",1.0971,"Lamwo","2020","North"
"2946","LA-05-40",1.0232,"Lamwo","2020","North"
"2947","LA-05-41",1.9167,"Lamwo","2020","North"
"2948","LA-05-43",1.4515,"Lamwo","2020","North"
"2949","LA-05-44",1.61,"Lamwo","2020","North"
"2950","LA-05-45",1.0367,"Lamwo","2020","North"
"2951","LA-05-46",1.2832,"Lamwo","2020","North"
"2952","LA-05-47",1.0419,"Lamwo","2020","North"
"2953","LA-05-52",1.1173,"Lamwo","2020","North"
"2954","LA-05-54",1.0775,"Lamwo","2020","North"
"2955","LA-05-55",1.0298,"Lamwo","2020","North"
"2956","LA-05-59",1.0311,"Lamwo","2020","North"
"2957","LA-05-61",1.4909,"Lamwo","2020","North"
"2958","LA-05-63",2.4676,"Lamwo","2020","North"
"2959","LA-05-66",1.0513,"Lamwo","2020","North"
"2960","LA-05-67",2.2895,"Lamwo","2020","North"
"2961","LA-05-68",1.3029,"Lamwo","2020","North"
"2962","LA-05-69",2.073,"Lamwo","2020","North"
"2963","LA-05-70",1.133,"Lamwo","2020","North"
"2964","LA-05-72",1.0589,"Lamwo","2020","North"
"2965","LA-05-73",1.7292,"Lamwo","2020","North"
"2966","LA-05-74",1.2927,"Lamwo","2020","North"
"2967","LA-05-75",1.0428,"Lamwo","2020","North"
"2968","LA-05-77",1.7272,"Lamwo","2020","North"
"2969","LA-05-78",1.1629,"Lamwo","2020","North"
"2970","LA-05-79",1.1763,"Lamwo","2020","North"
"2971","LA-05-80",1.0942,"Lamwo","2020","North"
"2972","LA-05-81",1.4251,"Lamwo","2020","North"
"2973","LA-05-83",1.3464,"Lamwo","2020","North"
"2974","LA-05-84",1.6651,"Lamwo","2020","North"
"2975","LA-05-85",1.3268,"Lamwo","2020","North"
"2976","LA-05-86",1.0027,"Lamwo","2020","North"
"2977","LA-05-89",1.0577,"Lamwo","2020","North"
"2978","LA-05-92",1.8964,"Lamwo","2020","North"
"2979","LA-05-94",1.0759,"Lamwo","2020","North"
"2980","LA-05-95",1.8792,"Lamwo","2020","North"
"2981","LA-05-96",1.5535,"Lamwo","2020","North"
"2982","LA-05-97",1.0574,"Lamwo","2020","North"
"2983","LA-05-99",1.0971,"Lamwo","2020","North"
"2984","LA-07-03",1.0283,"Lamwo","2022","North"
"2985","LA-07-04",1.2749,"Lamwo","2022","North"
"2986","LA-07-05",1.0744,"Lamwo","2022","North"
"2987","LA-07-07",1.0154,"Lamwo","2022","North"
"2988","LA-07-10",1.0484,"Lamwo","2022","North"
"2989","LA-07-12",1.4865,"Lamwo","2022","North"
"2990","LA-07-15",1.1472,"Lamwo","2022","North"
"2991","LA-07-17",1.1329,"Lamwo","2022","North"
"2992","LA-07-18",1.0177,"Lamwo","2022","North"
"2993","LA-07-19",1.0436,"Lamwo","2022","North"
"2994","LA-07-20",1.1688,"Lamwo","2022","North"
"2995","LA-07-22",1.0168,"Lamwo","2022","North"
"2996","LA-07-23",1.5725,"Lamwo","2022","North"
"2997","LA-07-25",1.1184,"Lamwo","2022","North"
"2998","LA-07-28",1.1661,"Lamwo","2022","North"
"2999","LA-07-31",2.4863,"Lamwo","2022","North"
"3000","LA-07-34",1.2774,"Lamwo","2022","North"
"3001","LA-07-36",1.5101,"Lamwo","2022","North"
"3002","LA-07-37",2.4328,"Lamwo","2022","North"
"3003","LA-07-39",1.1389,"Lamwo","2022","North"
"3004","LA-07-40",1.0205,"Lamwo","2022","North"
"3005","LA-07-41",1.3389,"Lamwo","2022","North"
"3006","LA-07-42",1.7949,"Lamwo","2022","North"
"3007","LA-07-47",1.5593,"Lamwo","2022","North"
"3008","LA-07-50",1.0478,"Lamwo","2022","North"
"3009","LA-07-52",1.2805,"Lamwo","2022","North"
"3010","LA-07-53",1.0552,"Lamwo","2022","North"
"3011","LA-07-54",1.141,"Lamwo","2022","North"
"3012","LA-07-56",2.052,"Lamwo","2022","North"
"3013","LA-07-57",1.119,"Lamwo","2022","North"
"3014","LA-07-58",1.228,"Lamwo","2022","North"
"3015","LA-07-60",1.3433,"Lamwo","2022","North"
"3016","LA-07-62",2.7025,"Lamwo","2022","North"
"3017","LA-07-65",1.0376,"Lamwo","2022","North"
"3018","LA-07-66",1.0486,"Lamwo","2022","North"
"3019","LA-07-67",1.0312,"Lamwo","2022","North"
"3020","LA-07-70",1.0217,"Lamwo","2022","North"
"3021","LA-07-71",1.6112,"Lamwo","2022","North"
"3022","LA-07-73",1.0182,"Lamwo","2022","North"
"3023","LA-07-74",1.0703,"Lamwo","2022","North"
"3024","LA-07-80",1.1844,"Lamwo","2022","North"
"3025","LA-07-81",1.2737,"Lamwo","2022","North"
"3026","LA-07-82",1.271,"Lamwo","2022","North"
"3027","LA-07-83",2.4221,"Lamwo","2022","North"
"3028","LA-07-84",1.8864,"Lamwo","2022","North"
"3029","LA-07-86",2.1721,"Lamwo","2022","North"
"3030","LA-07-89",1.0451,"Lamwo","2022","North"
"3031","LA-07-97",1.3222,"Lamwo","2022","North"
"3032","LAM-06-01",1.0246,"Lamwo","2021","North"
"3033","LAM-06-18",1.1354,"Lamwo","2021","North"
"3034","LAM-06-21",1.0732,"Lamwo","2021","North"
"3035","LAM-06-22",1.0174,"Lamwo","2021","North"
"3036","LAM-06-27",1.0842,"Lamwo","2021","North"
"3037","LAM-06-29",1.0593,"Lamwo","2021","North"
"3038","LAM-06-46",1.0232,"Lamwo","2021","North"
"3039","LAM-06-52",1.1939,"Lamwo","2021","North"
"3040","LAM-06-55",1.1302,"Lamwo","2021","North"
"3041","LAM-06-57",1.1438,"Lamwo","2021","North"
"3042","LAM-06-60",1.2062,"Lamwo","2021","North"
"3043","LAM-06-62",1.4709,"Lamwo","2021","North"
"3044","LAM-06-65",1.1646,"Lamwo","2021","North"
"3045","LAM-06-69",1.0637,"Lamwo","2021","North"
"3046","MU-00-01",1.0375,"Mubende","2016","Central"
"3047","MU-00-02",1.1013,"Mubende","2016","Central"
"3048","MU-00-03",1.0768,"Mubende","2016","Central"
"3049","MU-00-04",1.2004,"Mubende","2016","Central"
"3050","MU-00-05",1.2181,"Mubende","2016","Central"
"3051","MU-00-06",1.0138,"Mubende","2016","Central"
"3052","MU-00-07",1.6143,"Mubende","2016","Central"
"3053","MU-00-09",1.4903,"Mubende","2016","Central"
"3054","MU-00-10",1.0289,"Mubende","2016","Central"
"3055","MU-00-11",1.5372,"Mubende","2016","Central"
"3056","MU-00-13",1.1229,"Mubende","2016","Central"
"3057","MU-00-14",1.0413,"Mubende","2016","Central"
"3058","MU-00-15",1.0538,"Mubende","2016","Central"
"3059","MU-00-17",1.0469,"Mubende","2016","Central"
"3060","MU-00-18",1.2198,"Mubende","2016","Central"
"3061","MU-00-19",1.7261,"Mubende","2016","Central"
"3062","MU-00-22",1.0596,"Mubende","2016","Central"
"3063","MU-00-23",1.0478,"Mubende","2016","Central"
"3064","MU-00-24",1.0371,"Mubende","2016","Central"
"3065","MU-00-25",1.1397,"Mubende","2016","Central"
"3066","MU-00-27",1.3366,"Mubende","2016","Central"
"3067","MU-00-30",1.0262,"Mubende","2016","Central"
"3068","MU-00-31",2.4782,"Mubende","2016","Central"
"3069","MU-00-33",1.1905,"Mubende","2016","Central"
"3070","MU-00-46",1.1706,"Mubende","2016","Central"
"3071","MU-02-01",1.0517,"Mubende","2017","Central"
"3072","MU-02-02",2.1514,"Mubende","2017","Central"
"3073","MU-02-03",1.7915,"Mubende","2017","Central"
"3074","MU-02-04",1.0471,"Mubende","2017","Central"
"3075","MU-02-05",1.7436,"Mubende","2017","Central"
"3076","MU-02-07",1.0566,"Mubende","2017","Central"
"3077","MU-02-10",1.2729,"Mubende","2017","Central"
"3078","MU-02-11",1.2266,"Mubende","2017","Central"
"3079","MU-02-12",1.3854,"Mubende","2017","Central"
"3080","MU-02-15",2.2511,"Mubende","2017","Central"
"3081","MU-02-16",1.0449,"Mubende","2017","Central"
"3082","MU-02-19",1.1045,"Mubende","2017","Central"
"3083","MU-02-22",1.2802,"Mubende","2017","Central"
"3084","MU-02-23",2.3834,"Mubende","2017","Central"
"3085","MU-02-24",2.014,"Mubende","2017","Central"
"3086","MU-02-25",2.2178,"Mubende","2017","Central"
"3087","MU-02-26",1.8205,"Mubende","2017","Central"
"3088","MU-02-27",1.7931,"Mubende","2017","Central"
"3089","MU-02-28",1.0356,"Mubende","2017","Central"
"3090","MU-02-29",2.1422,"Mubende","2017","Central"
"3091","MU-02-30",2.2262,"Mubende","2017","Central"
"3092","MU-02-32",2.0911,"Mubende","2017","Central"
"3093","MU-02-33",2.7142,"Mubende","2017","Central"
"3094","MU-02-34",1.0346,"Mubende","2017","Central"
"3095","MU-02-35",1.4671,"Mubende","2017","Central"
"3096","MU-02-37",1.6378,"Mubende","2017","Central"
"3097","MU-02-39",1.0583,"Mubende","2017","Central"
"3098","MU-02-40",1.5319,"Mubende","2017","Central"
"3099","MU-02-41",2.4321,"Mubende","2017","Central"
"3100","MU-02-42",1.0421,"Mubende","2017","Central"
"3101","MU-02-43",5.1909,"Mubende","2017","Central"
"3102","MU-02-44",1.7879,"Mubende","2017","Central"
"3103","MU-02-45",1.055,"Mubende","2017","Central"
"3104","MU-02-47",1.7435,"Mubende","2017","Central"
"3105","MU-02-48",1.7457,"Mubende","2017","Central"
"3106","MU-02-49",4.221,"Mubende","2017","Central"
"3107","MU-02-50",1.0683,"Mubende","2017","Central"
"3108","MU-05-05",1.0009,"Mubende","2020","Central"
"3109","MU-05-09",1.0493,"Mubende","2020","Central"
"3110","MU-05-10",1.0108,"Mubende","2020","Central"
"3111","MU-05-100",1.2253,"Mubende","2020","Central"
"3112","MU-05-13",1.0748,"Mubende","2020","Central"
"3113","MU-05-14",1.0215,"Mubende","2020","Central"
"3114","MU-05-15",1.0296,"Mubende","2020","Central"
"3115","MU-05-16",1.0263,"Mubende","2020","Central"
"3116","MU-05-17",1.0197,"Mubende","2020","Central"
"3117","MU-05-21",1.0237,"Mubende","2020","Central"
"3118","MU-05-22",1.0163,"Mubende","2020","Central"
"3119","MU-05-23",1.0617,"Mubende","2020","Central"
"3120","MU-05-27",1.5789,"Mubende","2020","Central"
"3121","MU-05-43",1.0218,"Mubende","2020","Central"
"3122","MU-05-44",1.0116,"Mubende","2020","Central"
"3123","MU-05-46",1.0286,"Mubende","2020","Central"
"3124","MU-05-48",1.0724,"Mubende","2020","Central"
"3125","MU-05-51",1.1245,"Mubende","2020","Central"
"3126","MU-05-56",1.0203,"Mubende","2020","Central"
"3127","MU-05-61",1.0165,"Mubende","2020","Central"
"3128","MU-05-63",1.0074,"Mubende","2020","Central"
"3129","MU-05-65",1.0119,"Mubende","2020","Central"
"3130","MU-05-69",1.0156,"Mubende","2020","Central"
"3131","MU-05-71",1.1063,"Mubende","2020","Central"
"3132","MU-05-72",1.0242,"Mubende","2020","Central"
"3133","MU-05-77",1.019,"Mubende","2020","Central"
"3134","MU-05-82",1.5518,"Mubende","2020","Central"
"3135","MU-05-83",1.0037,"Mubende","2020","Central"
"3136","MU-05-84",1.7679,"Mubende","2020","Central"
"3137","MU-05-88",1.1208,"Mubende","2020","Central"
"3138","MU-05-97",1.0411,"Mubende","2020","Central"
"3139","MU-05-98",1.0384,"Mubende","2020","Central"
"3140","MU-06-04",1.1767,"Mubende","2021","Central"
"3141","MU-06-18",1.0611,"Mubende","2021","Central"
"3142","MU-06-50",1.0322,"Mubende","2021","Central"
"3143","MU-06-79",1.0217,"Mubende","2021","Central"
"3144","MU-06-97",1.218,"Mubende","2021","Central"
"3145","MU-07-03",1.0236,"Mubende","2022","Central"
"3146","MU-07-04",1.0346,"Mubende","2022","Central"
"3147","MU-07-06",1.0317,"Mubende","2022","Central"
"3148","MU-07-08",1.0321,"Mubende","2022","Central"
"3149","MU-07-09",1.023,"Mubende","2022","Central"
"3150","MU-07-12",1.0363,"Mubende","2022","Central"
"3151","MU-07-15",1.5724,"Mubende","2022","Central"
"3152","MU-07-16",1.0269,"Mubende","2022","Central"
"3153","MU-07-17",1.0207,"Mubende","2022","Central"
"3154","MU-07-18",1.8831,"Mubende","2022","Central"
"3155","MU-07-19",1.0847,"Mubende","2022","Central"
"3156","MU-07-24",1.0186,"Mubende","2022","Central"
"3157","MU-07-26",1.0193,"Mubende","2022","Central"
"3158","MU-07-27",1.0467,"Mubende","2022","Central"
"3159","MU-07-29",1.6102,"Mubende","2022","Central"
"3160","MU-07-31",1.0264,"Mubende","2022","Central"
"3161","MU-07-32",1.011,"Mubende","2022","Central"
"3162","MU-07-34",1.0712,"Mubende","2022","Central"
"3163","MU-07-35",1.0639,"Mubende","2022","Central"
"3164","MU-07-37",2.3206,"Mubende","2022","Central"
"3165","MU-07-38",1.1583,"Mubende","2022","Central"
"3166","MU-07-39",1.0803,"Mubende","2022","Central"
"3167","MU-07-42",1.6992,"Mubende","2022","Central"
"3168","MU-07-43",1.8037,"Mubende","2022","Central"
"3169","MU-07-46",1.3993,"Mubende","2022","Central"
"3170","MU-07-48",1.1623,"Mubende","2022","Central"
"3171","MU-07-52",1.7428,"Mubende","2022","Central"
"3172","MU-07-53",1.5897,"Mubende","2022","Central"
"3173","MU-07-60",1.6792,"Mubende","2022","Central"
"3174","MU-07-62",1.0847,"Mubende","2022","Central"
"3175","MU-07-65",1.0954,"Mubende","2022","Central"
"3176","MU-07-67",2.0458,"Mubende","2022","Central"
"3177","MU-07-73",1.0142,"Mubende","2022","Central"
"3178","MU-07-74",1.0152,"Mubende","2022","Central"
"3179","MU-07-76",1.7234,"Mubende","2022","Central"
"3180","MU-07-78",1.0034,"Mubende","2022","Central"
"3181","MU-07-79",1.0222,"Mubende","2022","Central"
"3182","MU-07-81",1.031,"Mubende","2022","Central"
"3183","MU-07-82",1.0523,"Mubende","2022","Central"
"3184","MU-07-83",1.1296,"Mubende","2022","Central"
"3185","MU-07-84",1.5831,"Mubende","2022","Central"
"3186","MU-07-86",1.0245,"Mubende","2022","Central"
"3187","TO-00-01",1.0828,"Tororo","2016","East"
"3188","TO-00-03",1.1179,"Tororo","2016","East"
"3189","TO-00-04",1.0358,"Tororo","2016","East"
"3190","TO-00-05",1.0429,"Tororo","2016","East"
"3191","TO-00-06",1.0273,"Tororo","2016","East"
"3192","TO-00-08",1.049,"Tororo","2016","East"
"3193","TO-00-10",1.5616,"Tororo","2016","East"
"3194","TO-00-12",1.0578,"Tororo","2016","East"
"3195","TO-00-15",2.5277,"Tororo","2016","East"
"3196","TO-00-16",1.0364,"Tororo","2016","East"
"3197","TO-00-17",1.3436,"Tororo","2016","East"
"3198","TO-00-19",1.1158,"Tororo","2016","East"
"3199","TO-00-20",1.9374,"Tororo","2016","East"
"3200","TO-00-22",1.1244,"Tororo","2016","East"
"3201","TO-00-23",1.8247,"Tororo","2016","East"
"3202","TO-00-24",1.0564,"Tororo","2016","East"
"3203","TO-00-26",1.0365,"Tororo","2016","East"
"3204","TO-00-28",1.5406,"Tororo","2016","East"
"3205","TO-00-29",1.605,"Tororo","2016","East"
"3206","TO-00-30",1.0469,"Tororo","2016","East"
"3207","TO-00-31",1.024,"Tororo","2016","East"
"3208","TO-00-32",2.9917,"Tororo","2016","East"
"3209","TO-00-34",2.1531,"Tororo","2016","East"
"3210","TO-00-35",1.3859,"Tororo","2016","East"
"3211","TO-00-36",1.1675,"Tororo","2016","East"
"3212","TO-00-37",1.3994,"Tororo","2016","East"
"3213","TO-00-38",1.0364,"Tororo","2016","East"
"3214","TO-00-39",2.0668,"Tororo","2016","East"
"3215","TO-00-40",1.0438,"Tororo","2016","East"
"3216","TO-00-41",1.5976,"Tororo","2016","East"
"3217","TO-00-43",1.0285,"Tororo","2016","East"
"3218","TO-00-44",1.32,"Tororo","2016","East"
"3219","TO-00-46",1.2407,"Tororo","2016","East"
"3220","TO-00-47",1.0222,"Tororo","2016","East"
"3221","TO-00-48",1.0267,"Tororo","2016","East"
"3222","TO-00-50",1.2471,"Tororo","2016","East"
"3223","TO-02-03",3.7178,"Tororo","2017","East"
"3224","TO-02-04",1.6094,"Tororo","2017","East"
"3225","TO-02-05",1.6891,"Tororo","2017","East"
"3226","TO-02-06",1.6002,"Tororo","2017","East"
"3227","TO-02-07",1.0587,"Tororo","2017","East"
"3228","TO-02-08",2.6972,"Tororo","2017","East"
"3229","TO-02-09",2.0286,"Tororo","2017","East"
"3230","TO-02-10",2.5376,"Tororo","2017","East"
"3231","TO-02-11",1.9205,"Tororo","2017","East"
"3232","TO-02-12",1.123,"Tororo","2017","East"
"3233","TO-02-13",1.1825,"Tororo","2017","East"
"3234","TO-02-14",4.2267,"Tororo","2017","East"
"3235","TO-02-15",2.2194,"Tororo","2017","East"
"3236","TO-02-16",1.5827,"Tororo","2017","East"
"3237","TO-02-17",2.0206,"Tororo","2017","East"
"3238","TO-02-18",1.9136,"Tororo","2017","East"
"3239","TO-02-19",1.0349,"Tororo","2017","East"
"3240","TO-02-22",1.6706,"Tororo","2017","East"
"3241","TO-02-25",1.8526,"Tororo","2017","East"
"3242","TO-02-26",1.6713,"Tororo","2017","East"
"3243","TO-02-27",1.0592,"Tororo","2017","East"
"3244","TO-02-30",1.0615,"Tororo","2017","East"
"3245","TO-02-31",2.5073,"Tororo","2017","East"
"3246","TO-02-33",1.2766,"Tororo","2017","East"
"3247","TO-02-34",1.1305,"Tororo","2017","East"
"3248","TO-02-36",1.0455,"Tororo","2017","East"
"3249","TO-02-37",1.0444,"Tororo","2017","East"
"3250","TO-02-39",1.0453,"Tororo","2017","East"
"3251","TO-02-40",1.9102,"Tororo","2017","East"
"3252","TO-02-42",1.8183,"Tororo","2017","East"
"3253","TO-02-43",1.5699,"Tororo","2017","East"
"3254","TO-02-44",1.2308,"Tororo","2017","East"
"3255","TO-02-46",1.359,"Tororo","2017","East"
"3256","TO-02-47",1.3922,"Tororo","2017","East"
"3257","TO-02-48",2.5155,"Tororo","2017","East"
"3258","TO-02-49",1.2129,"Tororo","2017","East"
"3259","TO-02-50",2.0207,"Tororo","2017","East"
"3260","TO-05-02",1.0254,"Tororo","2020","East"
"3261","TO-05-03",1.0386,"Tororo","2020","East"
"3262","TO-05-06",1.0459,"Tororo","2020","East"
"3263","TO-05-07",1.2283,"Tororo","2020","East"
"3264","TO-05-08",1.1658,"Tororo","2020","East"
"3265","TO-05-09",1.0384,"Tororo","2020","East"
"3266","TO-05-11",1.9696,"Tororo","2020","East"
"3267","TO-05-15",1.0337,"Tororo","2020","East"
"3268","TO-05-16",1.0109,"Tororo","2020","East"
"3269","TO-05-17",1.0129,"Tororo","2020","East"
"3270","TO-05-19",1.0432,"Tororo","2020","East"
"3271","TO-05-20",1.5557,"Tororo","2020","East"
"3272","TO-05-21",1.3362,"Tororo","2020","East"
"3273","TO-05-22",1.5327,"Tororo","2020","East"
"3274","TO-05-23",1.0314,"Tororo","2020","East"
"3275","TO-05-25",1.5032,"Tororo","2020","East"
"3276","TO-05-26",1.1159,"Tororo","2020","East"
"3277","TO-05-27",1.0341,"Tororo","2020","East"
"3278","TO-05-28",1.0471,"Tororo","2020","East"
"3279","TO-05-29",1.0429,"Tororo","2020","East"
"3280","TO-05-30",2.613,"Tororo","2020","East"
"3281","TO-05-31",1.016,"Tororo","2020","East"
"3282","TO-05-34",1.6976,"Tororo","2020","East"
"3283","TO-05-35",1.6415,"Tororo","2020","East"
"3284","TO-05-36",1.6802,"Tororo","2020","East"
"3285","TO-05-37",1.0509,"Tororo","2020","East"
"3286","TO-05-38",4.0797,"Tororo","2020","East"
"3287","TO-05-39",1.0371,"Tororo","2020","East"
"3288","TO-05-40",1.2586,"Tororo","2020","East"
"3289","TO-05-41",1.0439,"Tororo","2020","East"
"3290","TO-05-43",1.1655,"Tororo","2020","East"
"3291","TO-05-44",1.2149,"Tororo","2020","East"
"3292","TO-05-45",1.8668,"Tororo","2020","East"
"3293","TO-06-26",1.1071,"Tororo","2021","East"
"3294","TO-06-28",1.1218,"Tororo","2021","East"
"3295","TO-06-43",1.0219,"Tororo","2021","East"
"3296","TO-06-51",1.1325,"Tororo","2021","East"
"3297","TO-06-52",1.1777,"Tororo","2021","East"
"3298","TO-06-54",1.0614,"Tororo","2021","East"
"3299","TO-06-55",1.0145,"Tororo","2021","East"
"3300","TO-06-58",1.0141,"Tororo","2021","East"
"3301","TO-06-64",1.2459,"Tororo","2021","East"
"3302","TO-06-75",1.3151,"Tororo","2021","East"
"3303","TO-06-79",1.0382,"Tororo","2021","East"
"3304","TO-06-81",1.006,"Tororo","2021","East"
"3305","TO-06-84",1.0488,"Tororo","2021","East"
"3306","TO-06-92",1.0229,"Tororo","2021","East"
"3307","TO-06-99",1.0512,"Tororo","2021","East"
"3308","TO-07-02",1.1349,"Tororo","2022","East"
"3309","TO-07-100",1.038,"Tororo","2022","East"
"3310","TO-07-13",1.1173,"Tororo","2022","East"
"3311","TO-07-17",1.0311,"Tororo","2022","East"
"3312","TO-07-21",1.1671,"Tororo","2022","East"
"3313","TO-07-25",1.0097,"Tororo","2022","East"
"3314","TO-07-26",1.0922,"Tororo","2022","East"
"3315","TO-07-27",1.0275,"Tororo","2022","East"
"3316","TO-07-28",1.122,"Tororo","2022","East"
"3317","TO-07-37",1.0103,"Tororo","2022","East"
"3318","TO-07-41",1.0183,"Tororo","2022","East"
"3319","TO-07-42",1.0438,"Tororo","2022","East"
"3320","TO-07-43",1.1794,"Tororo","2022","East"
"3321","TO-07-44",1.1,"Tororo","2022","East"
"3322","TO-07-46",1.0078,"Tororo","2022","East"
"3323","TO-07-49",1.0643,"Tororo","2022","East"
"3324","TO-07-51",1.0202,"Tororo","2022","East"
"3325","TO-07-66",1.0997,"Tororo","2022","East"
"3326","TO-07-72",1.2303,"Tororo","2022","East"
"3327","TO-07-73",2.1324,"Tororo","2022","East"
"3328","TO-07-74",1.0424,"Tororo","2022","East"
"3329","TO-07-75",1.4578,"Tororo","2022","East"
"3330","TO-07-80",1.1023,"Tororo","2022","East"
"3331","TO-07-82",1.1809,"Tororo","2022","East"
"3332","TO-07-83",1.4711,"Tororo","2022","East"
"3333","TO-07-84",1.0974,"Tororo","2022","East"
"3334","TO-07-97",2.8574,"Tororo","2022","East"
"3335","TO-07-98",1.1335,"Tororo","2022","East"
"3336","TR-07-46",1.0157,"Tororo","2022","East"
"3337","TR-07-49",1.041,"Tororo","2022","East"
"3338","TR-07-52",1.0128,"Tororo","2022","East"
"3339","TR-07-54",1.0553,"Tororo","2022","East"
"3340","TR-07-75",1.0473,"Tororo","2022","East"
"3341","TR-07-83",1.1048,"Tororo","2022","East"
"3342","TR-07-89",1.0196,"Tororo","2022","East"
"3343","TR-07-92",1.1136,"Tororo","2022","East"
"3344","TR-07-93",1.1464,"Tororo","2022","East"
"3345","TR-07-97",1.244,"Tororo","2022","East"
"3346","kS-07-02",2.1807,"Kasese","2022","S.West"
"3347","AG-00-10",1.1525,"Agago","2016","North"
"3348","AG-00-48",1.1205,"Agago","2016","North"
"3349","AG-00-50",1.1618,"Agago","2016","North"
"3350","AG-05-06",1.0206,"Agago","2020","North"
"3351","AG-05-39",1.0117,"Agago","2020","North"
"3352","AG-05-48",1.0072,"Agago","2020","North"
"3353","AG-05-68",1.0786,"Agago","2020","North"
"3354","AG-06-39",1.0097,"Agago","2021","North"
"3355","AG-06-57",1.0374,"Agago","2021","North"
"3356","AG-06-69",1.0101,"Agago","2021","North"
"3357","AG-06-81",1.0135,"Agago","2021","North"
"3358","AG-06-85",1.0251,"Agago","2021","North"
"3359","AG-06-98",1.0318,"Agago","2021","North"
"3360","AG-07-14",1.0248,"Agago","2022","North"
"3361","AG-07-74",1.0234,"Agago","2022","North"
"3362","AG-07-84",1.0208,"Agago","2022","North"
"3363","AM-00-14",1.0148,"Amolatar","2016","North"
"3364","AM-00-16",1.0007,"Amolatar","2016","North"
"3365","AM-00-28",1.0049,"Amolatar","2016","North"
"3366","AM-00-49",1.0046,"Amolatar","2016","North"
"3367","AM-00-51",1.0076,"Amolatar","2016","North"
"3368","AM-02-10",1.0081,"Amolatar","2017","North"
"3369","AM-02-15",1.1852,"Amolatar","2017","North"
"3370","AM-02-17",1.0171,"Amolatar","2017","North"
"3371","AM-06-09",1.0384,"Amolatar","2021","North"
"3372","AM-07-94",1.0187,"Amolatar","2022","North"
"3373","AR-00-47",1.003,"Arua","2016","N.West"
"3374","AR-02-39",1.1115,"Arua","2017","N.West"
"3375","AR-06-03",1.0216,"Arua","2021","N.West"
"3376","AR-06-05",1.0719,"Arua","2021","N.West"
"3377","AR-06-35",1.0427,"Arua","2021","N.West"
"3378","AR-06-80",1.0574,"Arua","2021","N.West"
"3379","AR-06-81",1.0458,"Arua","2021","N.West"
"3380","AR-07-11",1.1253,"Arua","2022","N.West"
"3381","AR-07-17",1.0228,"Arua","2022","N.West"
"3382","AR-07-22",1.0673,"Arua","2022","N.West"
"3383","AR-07-24",1.0805,"Arua","2022","N.West"
"3384","AR-07-28",1.0285,"Arua","2022","N.West"
"3385","AR-07-84",1.1829,"Arua","2022","N.West"
"3386","HO-06-39",1.1897,"Hoima","2021","West"
"3387","HO-07-01",1.0102,"Hoima","2022","West"
"3388","HO-07-05",1.0126,"Hoima","2022","West"
"3389","HO-07-30",1.0794,"Hoima","2022","West"
"3390","HO-07-94",1.0169,"Hoima","2022","West"
"3391","JI-00-16",1.0395,"Jinja","2016","E.Central"
"3392","JI-00-30",1.0865,"Jinja","2016","E.Central"
"3393","JI-00-34",1.0228,"Jinja","2016","E.Central"
"3394","JI-00-46",1.1738,"Jinja","2016","E.Central"
"3395","JI-05-23",1.0112,"Jinja","2020","E.Central"
"3396","JI-05-42",1.0123,"Jinja","2020","E.Central"
"3397","JI-05-48",1.0101,"Jinja","2020","E.Central"
"3398","JI-05-66",1.0045,"Jinja","2020","E.Central"
"3399","JI-05-68",1.0066,"Jinja","2020","E.Central"
"3400","JI-06-36",1.014,"Jinja","2021","E.Central"
"3401","JI-06-51",1.0273,"Jinja","2021","E.Central"
"3402","JI-06-55",1.0547,"Jinja","2021","E.Central"
"3403","JI-06-80",1.0179,"Jinja","2021","E.Central"
"3404","JI-06-92",1.02,"Jinja","2021","E.Central"
"3405","JI-07-73",1.0755,"Jinja","2022","E.Central"
"3406","JI-07-77",1.1281,"Jinja","2022","E.Central"
"3407","KAP-06-68",1.2419,"Kapchorwa","2021","East"
"3408","KAP-06-90",1.0135,"Kapchorwa","2021","East"
"3409","KAP-07-07",1.0135,"Kapchorwa","2022","East"
"3410","KAP-07-48",1.0147,"Kapchorwa","2022","East"
"3411","KAP-07-53",1.0184,"Kapchorwa","2022","East"
"3412","KAP-07-54",1.0375,"Kapchorwa","2022","East"
"3413","KAP-07-71",1.0316,"Kapchorwa","2022","East"
"3414","KAP-07-89",1.0371,"Kapchorwa","2022","East"
"3415","KAP-07-99",1,"Kapchorwa","2022","East"
"3416","KB-00-17",1.0173,"Kabale","2016","S.West"
"3417","KB-00-33",1.0015,"Kabale","2016","S.West"
"3418","KB-05-12",1.0086,"Kabale","2020","S.West"
"3419","KB-05-38",1.0138,"Kabale","2020","S.West"
"3420","KB-06-32",1.0715,"Kabale","2021","S.West"
"3421","KB-06-35",1.0113,"Kabale","2021","S.West"
"3422","KB-06-53",1.0238,"Kabale","2021","S.West"
"3423","KB-06-57",1.0276,"Kabale","2021","S.West"
"3424","KB-06-60",1.0143,"Kabale","2021","S.West"
"3425","KB-06-65",1.0394,"Kabale","2021","S.West"
"3426","KB-06-88",1.0144,"Kabale","2021","S.West"
"3427","KB-07-18",1.0275,"Kabale","2022","S.West"
"3428","KB-07-86",1.0943,"Kabale","2022","S.West"
"3429","KB-07-98",1,"Kabale","2022","S.West"
"3430","KBG-05-60",1.0916,"Kaabong","2020","North"
"3431","KBG-06-68",1.014,"Kaabong","2021","North"
"3432","KBG-06-69",1.0176,"Kaabong","2021","North"
"3433","KBG-06-91",1.0334,"Kaabong","2021","North"
"3434","KBG-07-51",1.007,"Kaabong","2022","North"
"3435","KBG-07-64",1.063,"Kaabong","2022","North"
"3436","KBK-06-04",1.135,"Koboko","2021","N.West"
"3437","KBK-06-17",1.0556,"Koboko","2021","N.West"
"3438","KBK-06-28",1.0417,"Koboko","2021","N.West"
"3439","KBK-06-34",1.0498,"Koboko","2021","N.West"
"3440","KBK-06-83",1.0639,"Koboko","2021","N.West"
"3441","KBK-06-86",1.0852,"Koboko","2021","N.West"
"3442","KBK-07-19",1.1297,"Koboko","2022","N.West"
"3443","KBK-07-32",1.0315,"Koboko","2022","N.West"
"3444","KBK-07-51",1.1295,"Koboko","2022","N.West"
"3445","KBK-07-68",1.0449,"Koboko","2022","N.West"
"3446","KBK-07-81",1.1383,"Koboko","2022","N.West"
"3447","KBK-07-96",1.1687,"Koboko","2022","N.West"
"3448","KN-00-29",1.0262,"Kanungu","2016","S.West"
"3449","KN-05-14",1.0277,"Kanungu","2020","S.West"
"3450","KN-06-14",1.018,"Kanungu","2021","S.West"
"3451","KN-07-02",1.0014,"Kanungu","2022","S.West"
"3452","KN-07-26",1.0155,"Kanungu","2022","S.West"
"3453","KN-07-54",1.0086,"Kanungu","2022","S.West"
"3454","KN-07-57",1.013,"Kanungu","2022","S.West"
"3455","KN-07-95",1.0366,"Kanungu","2022","S.West"
"3456","KO-00-13",1.0528,"Kole","2016","North"
"3457","KO-00-23",1.0549,"Kole","2016","North"
"3458","KO-00-44",1.0449,"Kole","2016","North"
"3459","KO-02-06",1.0303,"Kole","2017","North"
"3460","KO-05-17",1.0721,"Kole","2020","North"
"3461","KO-05-73",1.1925,"Kole","2020","North"
"3462","KO-06-38",1.0179,"Kole","2021","North"
"3463","KO-06-48",1.0288,"Kole","2021","North"
"3464","KO-06-99",1.1103,"Kole","2021","North"
"3465","KO-07-55",1.0057,"Kole","2022","North"
"3466","KO-07-66",1.0485,"Kole","2022","North"
"3467","KO-07-89",1.0133,"Kole","2022","North"
"3468","KS-05-13",1.1314,"Kasese","2020","S.West"
"3469","KS-06-30",1.011,"Kasese","2021","S.West"
"3470","KS-06-56",1.0617,"Kasese","2021","S.West"
"3471","KS-06-90",1.0179,"Kasese","2021","S.West"
"3472","KS-07-37",1.0398,"Kasese","2022","S.West"
"3473","KS-07-53",1.1584,"Kasese","2022","S.West"
"3474","KS-07-73",1.0421,"Kasese","2022","S.West"
"3475","KS-07-78",1.0879,"Kasese","2022","S.West"
"3476","KS-07-82",1.0536,"Kasese","2022","S.West"
"3477","KS-07-89",1.0224,"Kasese","2022","S.West"
"3478","KTK-05-39",1.017,"Katakwi","2020","East"
"3479","KTK-05-83",1.0042,"Katakwi","2020","East"
"3480","KTK-06-09",1.0114,"Katakwi","2021","East"
"3481","KTK-06-22",1,"Katakwi","2021","East"
"3482","KTK-06-45",1.0353,"Katakwi","2021","East"
"3483","KTK-06-69",1.0056,"Katakwi","2021","East"
"3484","KTK-06-83",1.098,"Katakwi","2021","East"
"3485","KTK-06-92",1.0595,"Katakwi","2021","East"
"3486","KTK-07-02",1.0245,"Katakwi","2022","East"
"3487","KTK-07-15",1.0221,"Katakwi","2022","East"
"3488","KTK-07-30",1.0251,"Katakwi","2022","East"
"3489","KTK-07-92",1.0664,"Katakwi","2022","East"
"3490","LA-00-47",1.0047,"Lamwo","2016","North"
"3491","LA-05-58",1.0887,"Lamwo","2020","North"
"3492","LA-06-99",1.019,"Lamwo","2021","North"
"3493","LA-07-01",1.1347,"Lamwo","2022","North"
"3494","LA-07-35",1.0183,"Lamwo","2022","North"
"3495","LA-07-61",1.0244,"Lamwo","2022","North"
"3496","LA-07-77",1.0699,"Lamwo","2022","North"
"3497","LAM-06-15",1.0336,"Lamwo","2021","North"
"3498","LAM-06-19",1.0147,"Lamwo","2021","North"
"3499","LAM-06-31",1.0246,"Lamwo","2021","North"
"3500","LAM-06-77",1.0065,"Lamwo","2021","North"
"3501","MU-00-12",1.1024,"Mubende","2016","Central"
"3502","MU-00-29",1.0029,"Mubende","2016","Central"
"3503","MU-02-31",1.0703,"Mubende","2017","Central"
"3504","MU-02-46",1.185,"Mubende","2017","Central"
"3505","MU-06-09",1.1047,"Mubende","2021","Central"
"3506","MU-07-14",1.0739,"Mubende","2022","Central"
"3507","MU-07-22",1.014,"Mubende","2022","Central"
"3508","MU-07-23",1.0254,"Mubende","2022","Central"
"3509","MU-07-28",1.0484,"Mubende","2022","Central"
"3510","MU-07-54",1.0943,"Mubende","2022","Central"
"3511","MU-07-75",1.0061,"Mubende","2022","Central"
"3512","MU-07-85",1.1441,"Mubende","2022","Central"
"3513","TO-00-11",1.0375,"Tororo","2016","East"
"3514","TO-00-18",1.1047,"Tororo","2016","East"
"3515","TO-00-25",1.2423,"Tororo","2016","East"
"3516","TO-05-10",1.0305,"Tororo","2020","East"
"3517","TO-05-14",1.0623,"Tororo","2020","East"
"3518","TO-07-19",1.0161,"Tororo","2022","East"
"3519","TO-07-38",1.0227,"Tororo","2022","East"
"3520","TO-07-81",1.0128,"Tororo","2022","East"
"3521","TO-07-88",1.0566,"Tororo","2022","East"
"3522","TR-07-62",1.1013,"Tororo","2022","East"
"3523","TR-07-72",1.0691,"Tororo","2022","East"
"3524","TR-07-98",1.0272,"Tororo","2022","East"
"3525","AG-02-09",1.1152,"Agago","2017","North"
"3526","AG-05-40",1.0205,"Agago","2020","North"
"3527","AG-07-97",1.0901,"Agago","2022","North"
"3528","AM-05-03",1.0094,"Amolatar","2020","North"
"3529","AM-05-06",1.0062,"Amolatar","2020","North"
"3530","AM-05-24",1.0295,"Amolatar","2020","North"
"3531","AM-05-31",1.033,"Amolatar","2020","North"
"3532","AM-05-33",1.047,"Amolatar","2020","North"
"3533","AM-05-38",1.0456,"Amolatar","2020","North"
"3534","AM-05-56",1.0337,"Amolatar","2020","North"
"3535","HO-05-56",1.1385,"Hoima","2020","West"
"3536","JI-00-27",1.008,"Jinja","2016","E.Central"
"3537","JI-07-03",1.0981,"Jinja","2022","E.Central"
"3538","KAP-07-47",1.0119,"Kapchorwa","2022","East"
"3539","KB-06-91",1.0024,"Kabale","2021","S.West"
"3540","KBG-05-37",1.0563,"Kaabong","2020","North"
"3541","KBG-07-41",1.0498,"Kaabong","2022","North"
"3542","KBK-07-27",1.1054,"Koboko","2022","N.West"
"3543","KBK-07-93",1.1251,"Koboko","2022","N.West"
"3544","KN-07-06",1.0171,"Kanungu","2022","S.West"
"3545","KN-07-98",1.0666,"Kanungu","2022","S.West"
"3546","KO-05-94",1.0755,"Kole","2020","North"
"3547","KS-05-29",1.0222,"Kasese","2020","S.West"
"3548","KS-05-40",1.0077,"Kasese","2020","S.West"
"3549","KS-05-97",1.0051,"Kasese","2020","S.West"
"3550","KTK-05-27",1.0054,"Katakwi","2020","East"
"3551","KTK-06-34",1.0038,"Katakwi","2021","East"
"3552","LA-02-44",1.0335,"Lamwo","2017","North"
"3553","LA-05-71",1.0654,"Lamwo","2020","North"
"3554","MU-00-43",1,"Mubende","2016","Central"
"3555","MU-05-62",1.0376,"Mubende","2020","Central"
"3556","TO-06-63",1.0104,"Tororo","2021","East"
"3557","TO-07-76",1,"Tororo","2022","East"
"3558","AR-05-77",1.0152,"Arua","2020","N.West"
"3559","KO-06-93",1.0474,"Kole","2021","North"
"3560","LA-00-30",1.0667,"Lamwo","2016","North"
"3561","TO-07-39",1.0299,"Tororo","2022","East"
"3562","TO-07-52",1.0188,"Tororo","2022","East"
